freq,r_insample,r_loso,r_amplitude,p_uncorrected,p_fwe,null95
0.05,0.42510762658956275,0.03539047390079406,-0.17583445318231222,0.2405,0.9985,0.34540057428859694
0.055,0.49367721159253186,0.16246235635039566,-0.32410183096601,0.136,0.961,0.3518976596536429
0.06,0.5294028322010516,0.22461880890042296,-0.3442417907711191,0.1065,0.91,0.34770866350503987
0.065,0.5151676252282329,0.026587130536367357,-0.2650313540256967,0.258,0.999,0.33149007209503456
0.07,0.514363201069478,-0.04467285293994095,-0.08234636539169166,0.3225,1.0,0.33649580509303206
0.075,0.5600897195108276,0.09469391180281961,0.22201033465852313,0.1985,0.987,0.3233717710491025
0.08,0.5904459193789131,0.1770565528799414,0.524446713059506,0.127,0.954,0.32242981217655015
0.085,0.4579947092057024,0.024240135955642554,0.5424855289389829,0.2565,0.999,0.3420141214149048
0.09,0.3492549220598497,-0.16234118578664827,0.34624921446138174,0.436,1.0,0.324250331169204
0.095,0.4332926995535884,0.03627278215701862,0.09438355814141065,0.244,0.9985,0.3405255485203954
0.1,0.534665672902471,0.2336032880061467,-0.11062314474077156,0.0975,0.9025,0.3454465740564041
0.105,0.6010967788880757,0.3592420555689141,-0.23926389049635247,0.0445,0.719,0.33340526689131794
0.11,0.6238152741816682,0.38701250202665927,-0.27481488276628174,0.038,0.6655,0.3260584475171124
0.115,0.6354284505748644,0.3858096159470997,-0.11565120997342368,0.0325,0.6685,0.3297913743882529
0.12,0.6879172445388991,0.49101560843039543,0.35108435043888153,0.0105,0.4215,0.321442063874789
0.125,0.730397182069278,0.5753371174572439,0.6434483534091718,0.001,0.231,0.32077689497283274
0.13,0.6097657222610193,0.3675248931763881,0.59043528354226,0.0405,0.706,0.3299004727811144
0.135,0.44682594350902627,0.2029480317546321,0.3225560090066736,0.1125,0.9325,0.3449311766143243
0.14,0.4121478039819612,0.13238177241629343,0.08265173341142494,0.164,0.972,0.34536232688541985
0.145,0.45557966432475755,0.14919134841552265,-0.06437574367957942,0.1475,0.9675,0.3419944070107798
0.15,0.5001598795401693,0.16771327729047839,-0.10289476077059362,0.1325,0.9585,0.358267529589032
0.155,0.5257927881262866,0.1495323107888703,-0.036686589334269534,0.1475,0.9675,0.3355434720877619
0.16,0.5412450288660354,0.11456766354403294,0.14330517973218812,0.1635,0.9805,0.33283953513723963
0.165,0.5539462327580562,0.13067668550264983,0.38439685501512494,0.155,0.972,0.3287061513102797
0.17,0.5276245383538588,0.15601222890805697,0.508162486906422,0.141,0.9645,0.3491165979220559
0.175,0.4373137818578936,0.10176044747669,0.4258804735721806,0.192,0.984,0.3488246262702191
0.18,0.3452161548228679,0.007130741833749667,0.23765073652432592,0.264,1.0,0.35134959592729254
0.185,0.316247396174873,-0.03614490642324701,0.03632658395059445,0.3085,1.0,0.3509517508355884
0.19,0.3353567645362371,-0.0346802605609556,-0.13377216405660983,0.296,1.0,0.3680725590266818
0.195,0.35625674555077386,-0.05257202905857747,-0.23844001542582705,0.3005,1.0,0.3573351000390799
0.2,0.36325705652190643,-0.09163166397652928,-0.18847321920747387,0.338,1.0,0.332910486907621
0.205,0.36036823756792574,-0.12049515485969915,0.04896732452930335,0.3675,1.0,0.32050510360458023
0.21,0.3504587526606769,-0.09618235743552757,0.3277272858912329,0.36,1.0,0.34270102390662743
0.215,0.3111116484017158,-0.08901449252000791,0.43582375605344464,0.3795,1.0,0.33989077919896077
0.22,0.22255763002732143,-0.4691931076958632,0.3678746327820301,0.804,1.0,0.3609038028941412
0.225,0.13390948194763935,-0.7457708365607341,0.21189029178942242,0.981,1.0,0.3616186637072772
0.23,0.15375320138544035,-0.6884147906207787,0.027217507181151488,0.94,1.0,0.3592508220312479
0.235,0.20990996568390669,-0.36236368731738,-0.12790310212579298,0.649,1.0,0.35688727985612
0.24,0.24004570728440977,-0.27133919336877044,-0.20390549300167932,0.5435,1.0,0.35164773772191893
0.245,0.2420140326713519,-0.3242250131338888,-0.15971721853022045,0.57,1.0,0.3450889589183442
0.25,0.2248736943300336,-0.44161372496347284,-0.002624634129458122,0.6495,1.0,0.34629293057033306
0.255,0.20357763769351325,-0.5624376308307134,0.13612671244681737,0.7995,1.0,0.3742954749092647
0.26,0.1652845368420757,-0.718333980186922,0.11040250877291352,0.9605,1.0,0.395877288750204
0.265,0.11499848516875733,-0.835281664678059,0.006888945818917042,0.995,1.0,0.3848001353237367
0.27,0.10920279061545439,-0.7469575791614254,-0.09271256450588154,0.977,1.0,0.3779349405797556
0.275,0.15551558447522468,-0.5895662952390032,-0.18641102384917616,0.9,1.0,0.388537093082177
0.28,0.1929604875249239,-0.44951417228703267,-0.286811080068465,0.7625,1.0,0.3753278458208216
0.285,0.2061833022035996,-0.4143079743542686,-0.3777963258741922,0.7045,1.0,0.37382806608448554
0.29,0.1913924044890508,-0.47121010088843285,-0.38933225351131556,0.7275,1.0,0.34926125810570624
0.295,0.13658576467687,-0.5778424293198658,-0.25302327485468823,0.8045,1.0,0.35425168247111904
0.3,0.07797092631497045,-0.6682598875217224,-0.058496572100459845,0.919,1.0,0.34819328922813064
0.305,0.09240611220582085,-0.4357017854269818,0.03967371129837393,0.7665,1.0,0.34868173028378463
0.31,0.15109197176506992,-0.4316422171391762,0.014559617524855722,0.764,1.0,0.35318949008435485
0.315,0.2096092269603368,-0.43696769353308185,-0.039255407624707375,0.7555,1.0,0.35722944656480127
0.32,0.2422082034952406,-0.24710341227969024,-0.06859409336738953,0.555,1.0,0.3575605474759801
0.325,0.24862790111314795,-0.20752582883699294,-0.0038061943739873044,0.5075,1.0,0.3874168887877116
0.33,0.24757190322801745,-0.3052395633821439,0.1369474416784654,0.5755,1.0,0.35535016036442796
0.335,0.22729377625092756,-0.5556886100221825,0.30648864808201254,0.81,1.0,0.3494575161095137
0.34,0.12634964491628914,-0.5756532400187178,0.3642832518339356,0.8795,1.0,0.3747339833891789
0.345,0.05070688476367706,-0.5437925470825524,0.23069043770509295,0.854,1.0,0.37607819472707754
0.35,0.18178676586543788,-0.6010672965374851,0.04594623490476606,0.8735,1.0,0.3744376381900029
0.355,0.3021158506367934,-0.21140054906428565,-0.056788780461781596,0.511,1.0,0.34414201164592617
0.36,0.3524478890265099,0.027057434919385153,-0.10144400894211487,0.2625,0.999,0.34943272348836724
0.365,0.3519164292952189,0.05448764271857637,-0.12901271463214573,0.2355,0.9945,0.36034703455727646
0.37,0.34978673252194903,0.04510800272648456,-0.09880195839853201,0.2585,0.997,0.3646260785057798
0.375,0.3741657207752636,0.01262294572332225,0.07591306940647488,0.2755,1.0,0.36003276080068897
0.38,0.39626299474315185,-0.11098190644108892,0.28572236105982485,0.3825,1.0,0.37116108937618336
0.385,0.33742026181329826,-0.2663416696895905,0.37929141489549384,0.5575,1.0,0.36290118110947955
0.39,0.2014968028787202,-0.32120282397987643,0.31411094484763374,0.6425,1.0,0.3704331191583199
0.395,0.17865819942591607,-0.29532565091460594,0.2074347621576316,0.6125,1.0,0.3750681694372009
0.4,0.22954757082168561,-0.2745510703036769,0.08402685604226959,0.5955,1.0,0.37710103002021333
0.405,0.18334898014234086,-0.3268396698036015,-0.03126631093296376,0.672,1.0,0.37956646703795527
0.41,0.08158225041149221,-0.4061635345826515,0.010549914861593918,0.7405,1.0,0.3862340462867155
0.415,0.06915115505306042,-0.4613179663541458,0.21344088490711183,0.7425,1.0,0.3713172854899177
0.42,0.1850105065112085,-0.44530217197105487,0.4622655509709034,0.6935,1.0,0.35293021663831464
0.425,0.34429990786384157,-0.2697457276705425,0.6058739683110116,0.5385,1.0,0.35458158499562853
0.43,0.5041574399384653,0.006633189128368653,0.6258524410056056,0.2775,1.0,0.36251829133793084
0.435,0.6126103363929135,0.2934159560812445,0.6069651615976349,0.0825,0.823,0.3520004845628366
0.44,0.6770309064612329,0.5377965871898991,0.5887085975718388,0.008,0.3175,0.3646228904299621
0.445,0.7118389194112514,0.6075544446850533,0.5829349237889361,0.0045,0.1705,0.36638419972591796
0.45,0.7276535208122292,0.603989039719274,0.5897836131532951,0.005,0.177,0.3607403524696621
0.455,0.733280320800716,0.5962815948612901,0.6062397603667128,0.0065,0.1935,0.3568161606754473
0.46,0.7431137590607476,0.6122297407500117,0.6316334981803577,0.004,0.161,0.3362262016841252
0.465,0.7813224894142788,0.6969575312669842,0.6665776249727509,0.0,0.041,0.3351371937207626
0.47,0.7977211324378882,0.7198828550239313,0.6974189433762322,0.0,0.0285,0.3422234505926273
0.475,0.7593736565934556,0.5641436854045399,0.6959904548938726,0.0075,0.253,0.3575860048688211
0.48,0.6818887623845407,0.372976829188275,0.5890424613064631,0.0505,0.6955,0.3736573295312782
0.485,0.5065696600737118,-0.00604510988603589,0.4005397110129916,0.309,1.0,0.3733397847409371
0.49,0.1702681459388972,-0.3129837171508613,0.20435263220736402,0.641,1.0,0.3706964276809469
0.495,0.1255917196066159,-0.5276854992053929,0.07373133200204743,0.837,1.0,0.36261528855573427
0.5,0.25492885966996914,-0.12163587207245588,0.07777439531334022,0.4105,1.0,0.3413396545034446
0.505,0.35375959716317296,0.05350395819511028,0.2548779167772755,0.218,0.9955,0.33562736559072315
0.51,0.47847803838132724,0.19034261804918906,0.3735041849039672,0.111,0.9425,0.32430073800299775
0.515,0.5116931818293369,0.03589381890698612,0.3990642011515086,0.238,0.9985,0.3322564861490123
0.52,0.4529844805019189,-0.09099340281526992,0.3402038767960748,0.379,1.0,0.349302628308574
0.525,0.310030581491763,-0.2052990996857919,0.22681203032263386,0.4955,1.0,0.3562344067232236
0.53,0.15693073059226775,-0.2578745548024288,0.10425815262663093,0.5945,1.0,0.3729166660599952
0.535,0.25554310838966043,-0.21875683030210624,-0.004736283562759331,0.6095,1.0,0.3874011374677135
0.54,0.36745445393387133,-0.18259911083301078,-0.06977288254985521,0.6165,1.0,0.3974069082436791
0.545,0.40430261102367543,-0.13948286195598755,-0.08254607167689235,0.5395,1.0,0.39142277577989354
0.55,0.3572239904291648,0.0473721888725962,-0.008994723865725217,0.255,0.996,0.36096480299322137
0.555,0.28910584558154334,-0.06732580450685584,0.15055981913092578,0.35,1.0,0.3650164058506422
0.56,0.321513329073441,-0.30227250971437863,0.24945145604503016,0.631,1.0,0.37254200194358106
0.565,0.2123097989133885,-0.3231685553032126,0.2545300661065025,0.6595,1.0,0.36926248385228044
0.57,0.024620724496257636,-0.33509954123453595,0.1825756761866042,0.6755,1.0,0.3554322491622293
0.575,0.29020587065093695,-0.21189784811075194,0.10682757745671904,0.5585,1.0,0.36791449269318366
0.58,0.45645153438458247,0.15955808530281082,0.061548608339649376,0.1655,0.962,0.37632659231987503
0.585,0.5190478780157207,0.28094543516573584,0.06476699176685886,0.094,0.8475,0.3815840419788274
0.59,0.49809386058942573,0.2325799129011135,0.11674973540233087,0.1215,0.9025,0.3683856861251641
0.595,0.3855249155110709,0.15461791338430456,0.1946246769782583,0.17,0.965,0.37900388892875486
0.6,0.3801424940395068,0.1734348994369827,0.23781889976499523,0.1665,0.9555,0.39066453099393916
0.605,0.4014128722411491,-0.08309719390347055,0.1953594452462836,0.4185,1.0,0.3754430387548069
0.61,0.29413499726597103,-0.21071329114915452,0.11851817546300372,0.554,1.0,0.3578568184407643
0.615,0.038861305709502796,-0.2773438545999303,0.04069695837472845,0.637,1.0,0.3700659498548179
0.62,0.20502885705937512,-0.25983105369537257,-0.006854768854144667,0.665,1.0,0.38551310880651496
0.625,0.3222553750443168,-0.21177301312744948,-0.021505788411286066,0.624,1.0,0.38457773574050597
0.63,0.3526578271682936,0.05340703990058108,0.021749371171203978,0.2565,0.996,0.3796420374095869
0.635,0.32170907137950333,0.036821755143488274,0.13735834431988567,0.26,0.9985,0.36927701370785493
0.64,0.27129627937658385,-0.002191523075407607,0.2813151984755222,0.292,1.0,0.36382314628078233
0.645,0.2853062931971833,-0.2690015434141203,0.3330829149822043,0.667,1.0,0.37364528796740953
0.65,0.2275389461641603,-0.2280250811844765,0.2871559120211807,0.635,1.0,0.3706194234770621
0.655,0.06334382770606213,-0.25202063762369437,0.19622541671949476,0.652,1.0,0.3774274325114897
0.66,0.14898136355717173,-0.2474811351421715,0.11153612771878257,0.66,1.0,0.38414050617250584
0.665,0.3137261173764252,-0.22124111581993308,0.06253215186740364,0.638,1.0,0.3886204921977681
0.67,0.3987739862963157,0.03554732894976706,0.05437713453474909,0.2695,0.9985,0.38930845650759155
0.675,0.4148055188424518,0.1499147200797061,0.08722784093344094,0.1695,0.967,0.3710578501744263
0.68,0.35688871734421024,0.088256205780781,0.1731286936593267,0.2115,0.9885,0.36312604033484863
0.685,0.27634509706184673,0.02948577397152505,0.28462768935642613,0.269,0.999,0.37413120040675363
0.69,0.25198096612970317,-0.5790011560270312,0.34050997319031406,0.942,1.0,0.3936916287677358
0.695,0.18027020633461444,-0.28610342817274265,0.29277308958094933,0.7075,1.0,0.404209127431716
0.7,0.07356422615302846,-0.2804857819468959,0.21414811064749367,0.688,1.0,0.3949244101999166
0.705,0.1578641572681516,-0.2753384412591214,0.14487627241387951,0.6915,1.0,0.39769819172091603
0.71,0.25831510245418227,-0.3513257860825901,0.09763331761862815,0.767,1.0,0.3906578879912719
0.715,0.2990530314812521,-0.01064196129433429,0.10053580978142972,0.3295,1.0,0.3839440263548184
0.72,0.2802277244428192,0.04999314267688396,0.15672975561220376,0.2635,0.996,0.37261014568170253
0.725,0.2405479451131646,0.0400063611665694,0.24047602336263524,0.2725,0.998,0.3835998856864663
0.73,0.24957336365694024,-0.3317479161131906,0.30451750515872705,0.7525,1.0,0.3802508775385409
0.735,0.21778493978428265,-0.21963557615534604,0.2854686130408606,0.642,1.0,0.3822251011456882
0.74,0.09626531925380413,-0.23763365687088842,0.22043253917477795,0.6545,1.0,0.37063177242477097
0.745,0.08406623388045795,-0.23193753257011246,0.14998692730050228,0.6665,1.0,0.380581474651051
0.75,0.22852764162263756,-0.20484374294087662,0.09693274198805767,0.6625,1.0,0.3835397606480747
0.755,0.3021663579547982,-0.1987841201257797,0.0864087469167947,0.6785,1.0,0.4122765596861063
0.76,0.31266810232879494,-0.2351826388125577,0.13768402753704007,0.689,1.0,0.3975437107236757
0.765,0.26801224431256154,-0.11887249751623787,0.23132182799733733,0.5175,1.0,0.3844588715077759
0.77,0.19182524639772697,-0.6539547563219449,0.31256435425316964,0.968,1.0,0.3958361516453673
0.775,0.13056415864463305,-0.35779830931544804,0.28821387028434353,0.776,1.0,0.3901968501410312
0.78,0.1539812576735854,-0.3274096775146687,0.21702622963682558,0.7265,1.0,0.38449114249040856
0.785,0.2866015245195282,-0.2759925350002438,0.13513789236410476,0.6825,1.0,0.3875487741264869
0.79,0.4194982985386507,-0.16237370372198306,0.061838792966942224,0.5775,1.0,0.3947603700103427
0.795,0.5014570921921975,0.0914092463312218,0.024421386876295057,0.261,0.988,0.3906159078184183
0.8,0.541759388271513,0.3064256817447141,0.050679254283119694,0.094,0.8055,0.39391586419942143
0.805,0.5468545691074281,0.2868640195205048,0.13761237983761238,0.095,0.837,0.3888458714081149
0.81,0.46837561787886456,0.1825022695127708,0.27268036674386603,0.14,0.95,0.3536290747593787
0.815,0.32669668317452183,0.11277413673150906,0.38642782867521247,0.2255,0.981,0.3911576111665683
0.82,0.2428078000469982,-0.04225735242522709,0.39157077441820776,0.4105,1.0,0.3877762296291437
0.825,0.2354228573326049,-0.6726288859506382,0.3297991074619072,0.973,1.0,0.37671037512074956
0.83,0.2912129183907942,-0.6433304233296386,0.26499667679983147,0.962,1.0,0.38168961753758057
0.835,0.35807952526411974,-0.1563119244564367,0.2093728466790975,0.533,1.0,0.37198714089333
0.84,0.4015669858806117,0.09498316249373771,0.16392307684354687,0.228,0.987,0.37516719061712367
0.845,0.40699588969033956,0.1418780261029661,0.13061445711252506,0.186,0.97,0.38013211665711844
0.85,0.3626237904992167,0.13247804970146285,0.12082146755810969,0.1935,0.9715,0.38251994596973204
0.855,0.27817801450686147,0.09145726183930245,0.20707402865708324,0.2395,0.988,0.3892133726111452
0.86,0.21786084840218417,-0.16124727617903806,0.35815805839049286,0.604,1.0,0.4016859666457714
0.865,0.26962960478876496,-0.6780673767777278,0.3759783307437609,0.987,1.0,0.39406748429522287
0.87,0.35752937627494524,-0.7152094052797046,0.3441091706174756,0.996,1.0,0.38189742437207125
0.875,0.4212732274344883,-0.26828632970703986,0.3164042751551425,0.664,1.0,0.369295421078822
0.88,0.46150271808243964,0.10541523940667392,0.3012027119899163,0.2165,0.983,0.3724698655509085
0.885,0.48670722436602715,0.19923480039333885,0.3021568755029731,0.1395,0.936,0.3747885085785483
0.89,0.5064476273560031,0.2324020256688052,0.31251248575963964,0.109,0.9025,0.37715007332019007
0.895,0.5297100040654722,0.2733516933793747,0.32767266735563816,0.0875,0.859,0.3539802285357548
0.9,0.5409334144780915,0.3426503519610647,0.3444236261691101,0.0645,0.7445,0.37723768740594127
0.905,0.5355317525438339,0.32113690764942243,0.3558155167977244,0.0695,0.782,0.37746191230509385
0.91,0.5171560921407055,0.20902196681038213,0.3508605933914974,0.1335,0.926,0.3781802856060113
0.915,0.47851778378815474,0.016212584875202704,0.3246598014602435,0.2935,0.999,0.3827393745806701
0.92,0.3969542296498079,-0.31994111440974315,0.2844997697077961,0.6885,1.0,0.36891269685225614
0.925,0.22595445839244999,-0.5263223884129831,0.24083760894961231,0.8545,1.0,0.3950869677144693
0.93,0.12931948804357782,-0.47929971944644456,0.20198607413844016,0.7885,1.0,0.37967562054397336
0.935,0.321408450711584,-0.3450766475442839,0.17432327376335113,0.715,1.0,0.37937486742308385
0.94,0.3457905592147917,-0.030208676765717167,0.15627034628079667,0.3845,1.0,0.3911725366383097
0.945,0.23609033346384606,0.1091562272323437,0.14412105413016008,0.2485,0.9825,0.4087284294898041
0.95,0.2585558218285485,-0.08846999575721623,0.17592995267475486,0.523,1.0,0.38777469598853626
0.955,0.289367253120732,-0.25840324470391235,0.19008076782768674,0.691,1.0,0.3810306055178509
0.96,0.17378498997653136,-0.3159117291542167,0.17884924340742894,0.723,1.0,0.3854223343973802
0.965,0.07701060304569844,-0.35817206890650616,0.18061029328963238,0.7465,1.0,0.390580636656191
0.97,0.17941026231311866,-0.39258416966470244,0.19113221930613336,0.763,1.0,0.3919858612500624
0.975,0.25480989707044255,-0.48065176756529226,0.2092022476891099,0.8385,1.0,0.3761471303671208
0.98,0.25869202348861703,-0.07825596453120102,0.23220827532676017,0.429,1.0,0.3654907763599033
0.985,0.22847602718312718,0.027601126818820827,0.2522747626387054,0.2905,0.999,0.37240331695204737
0.99,0.3246903251623744,-0.2535796734345055,0.2548844894388545,0.7305,1.0,0.3979722579782405
0.995,0.4009243519098908,-0.17001988959478898,0.21527848949867123,0.6415,1.0,0.37849451867295897
1.0,0.31225370424666077,-0.19250523890908533,0.17215312020317652,0.6295,1.0,0.3901397427856302
1.005,0.07484865357303822,-0.23318054905061933,0.1396922104469832,0.6675,1.0,0.39379940861192053
1.01,0.169916611586614,-0.24217375661908958,0.11943607607255001,0.662,1.0,0.3880220606609879
1.015,0.29095293949527484,-0.25046751933710504,0.14308064988072136,0.6795,1.0,0.3898856696169403
1.02,0.33605158202052676,-0.20884344787468617,0.1847389475426445,0.6445,1.0,0.3893125506102989
1.025,0.3047457830568238,0.03339451393283212,0.22989161922080417,0.302,0.999,0.3960736953832316
1.03,0.22080391602223748,0.03619033195374019,0.26239395376422237,0.304,0.9985,0.39081646087337585
1.035,0.17566227932106546,-0.5830440578622967,0.25890637730087207,0.9655,1.0,0.40382380068133883
1.04,0.13037253711825578,-0.26061699621150364,0.22091746040145968,0.7255,1.0,0.3922731291824667
1.045,0.15864208448627026,-0.26397949379180446,0.1625014671038176,0.709,1.0,0.384395516468243
1.05,0.32051926314713547,-0.24664393259174844,0.12024132385058955,0.687,1.0,0.38695587222407973
1.055,0.4116437286378587,0.10864812944160522,0.13506906894173645,0.231,0.9825,0.3763245256571394
1.06,0.429424142897638,0.1572371809779508,0.17670028724989903,0.194,0.964,0.38260046367344297
1.065,0.38143377235384823,0.1341311872406998,0.2321866029384972,0.205,0.971,0.3879330886066195
1.07,0.2966103882840569,0.11138443345654288,0.28859035213256873,0.2215,0.9815,0.3827036949757814
1.075,0.30339125783238663,0.12644154355406173,0.3193484238001481,0.225,0.9735,0.40114879095880907
1.08,0.3664949874875473,0.09436553629713523,0.2853000427665462,0.2465,0.987,0.40274284995955173
1.085,0.3151360904708752,-0.21048475682069437,0.20819044736271894,0.6485,1.0,0.3920047457993933
1.09,0.09422019394869836,-0.2162523060536774,0.1315274678219179,0.6645,1.0,0.39928618893963713
1.095,0.22224191658002265,-0.19922143526251052,0.08417371233684891,0.676,1.0,0.39403847977606804
1.1,0.3561500052239686,-0.1957638790277006,0.0710299125428255,0.6635,1.0,0.3903794648486188
1.105,0.4276965003745078,0.06681270156364032,0.09935402308352309,0.267,0.9935,0.378364453180943
1.11,0.4213791973851974,0.15992412808274362,0.14937906256405944,0.173,0.962,0.3873647844662345
1.115,0.298708508170175,0.12277333319101612,0.20262857265732276,0.2065,0.9755,0.3837203381878361
1.12,0.246384078908461,0.13113365870318144,0.2361128315109115,0.2335,0.972,0.39627208953140564
1.125,0.2502983216618993,-0.42182633702663125,0.2140325868498197,0.876,1.0,0.3969102709983081
1.13,0.16198160790942978,-0.28900780006174676,0.15457753258931872,0.7525,1.0,0.39391480371369586
1.135,0.18674035041789158,-0.25424735545194976,0.11244257580032238,0.739,1.0,0.40373347332084164
1.14,0.33098767005078567,-0.2749817028286452,0.09070646006128323,0.764,1.0,0.4066433756398825
1.145,0.4022643446327283,0.16232634455052028,0.10343878110824525,0.187,0.961,0.3877160156424768
1.15,0.41191862562875936,0.16273499220970367,0.15107388829662316,0.1845,0.961,0.38180046225656017
1.155,0.34638670667955523,0.12739850332225486,0.20700613307402876,0.2065,0.973,0.37323128163285463
1.16,0.27724630392726585,0.12511207427261106,0.2559258444329005,0.219,0.9745,0.39433984841839737
1.165,0.2861259931437744,0.13977980490643263,0.26997591478550204,0.23,0.9705,0.41156498989815204
1.17,0.28115845879304396,0.043521770415878146,0.2417834986693632,0.3155,0.9975,0.40665519536373845
1.175,0.1990412627582889,-0.3563840123227618,0.19934196671961185,0.814,1.0,0.39649167688957676
1.18,0.1595472914190072,-0.3081522498581209,0.1502298722241985,0.796,1.0,0.40283626207545875
1.185,0.28106369240286383,-0.050343291955169955,0.1275071621449215,0.476,1.0,0.4105710127098754
1.19,0.3516072013304684,0.15167279921782445,0.12474565163628441,0.218,0.9665,0.4076687130845392
1.195,0.33654344324525903,0.14908394946590783,0.157545305054763,0.202,0.9675,0.40209958961127823
1.2,0.2822606647886659,0.14153882132716106,0.220761605757429,0.2,0.97,0.3890761418141951
1.205,0.34484772943934233,0.1611215204021049,0.2740346269092341,0.203,0.9615,0.4063866388634942
1.21,0.4118079910904251,0.1902898459544446,0.25785485635569727,0.173,0.9425,0.4078024327857925
1.215,0.3949236899101258,-0.08570798563572915,0.21746584014285644,0.477,1.0,0.387612667617197
1.22,0.2588220846337262,-0.20996755865676325,0.17300293986299026,0.649,1.0,0.404925519228461
1.225,0.13836860431687034,-0.21926183097274898,0.13306473069979716,0.6965,1.0,0.40518902053148265
1.23,0.17462618089258644,-0.2452065383228258,0.10387492254853883,0.745,1.0,0.4142591235120062
1.235,0.2160607681910611,0.0708268341879901,0.09845744319877724,0.291,0.9935,0.41396184292143645
1.24,0.21895607075285373,0.12554092531561062,0.13036943026328626,0.2295,0.974,0.4052089964202409
1.245,0.29937696697104466,0.15412138417830262,0.16955544486594795,0.21,0.965,0.4096959808738469
1.25,0.4007028000977736,0.1545957634884104,0.1855835466038947,0.224,0.965,0.4173429808414104
1.255,0.4250993577070341,-0.13677165620295265,0.15134853804387274,0.5915,1.0,0.4002931948676684
1.26,0.3026518349044167,-0.1871323467928156,0.1148475285185772,0.637,1.0,0.3957293045750545
1.265,0.09863714735363287,-0.20310381620857945,0.0902951342935933,0.69,1.0,0.41327193322138234
1.27,0.18392852067689042,-0.19434402754717114,0.08253350497903451,0.7055,1.0,0.42309650674448124
1.275,0.2829300870358716,-0.20962725140251598,0.0891770349773977,0.707,1.0,0.41685500627981553
1.28,0.3262216222562847,0.10397817577886062,0.1214556204819028,0.261,0.983,0.40063716758055545
1.285,0.2772626234287682,0.14016391168260633,0.16398988513282217,0.22,0.97,0.39673274892412763
1.29,0.23534871824878842,0.15676340464064448,0.2002152868187852,0.223,0.9645,0.4143216312617226
1.295,0.316099951140072,0.16171884194909858,0.2114215119422172,0.221,0.961,0.4161641566198636
1.3,0.39444983898014535,0.03081486157449004,0.1765812634446406,0.318,0.999,0.40303408645382277
1.305,0.3391830975934592,-0.18027548397045157,0.14620321666504443,0.639,1.0,0.39766270483217453
1.31,0.14573484923903957,-0.1998732833360902,0.1333364052579076,0.708,1.0,0.41366351261002776
1.315,0.13557694193875633,-0.20532138656592586,0.14484437742499034,0.7145,1.0,0.40953007808654374
1.32,0.21798598234296085,-0.233301199211634,0.17927419961092267,0.709,1.0,0.40714719418992434
1.325,0.3025703365938151,-0.2703275999189971,0.22931882820979008,0.7095,1.0,0.3881250258339711
1.33,0.28354779616547027,0.04892941519620105,0.2785419681282775,0.314,0.996,0.39465038600272706
1.335,0.2174076067648062,-0.054676948854461574,0.26926515191945144,0.482,1.0,0.4028137922571765
1.34,0.1972010708213508,-0.7578005063787565,0.23651925873637583,0.996,1.0,0.3972275422483793
1.345,0.21080346891776314,-0.8216827360687905,0.20198620495172168,0.996,1.0,0.3841923245291289
1.35,0.24624290911085334,-0.2619056389929049,0.17013217265636155,0.701,1.0,0.3884367074234777
1.355,0.2704696959492153,0.043546030391603936,0.14361636215747597,0.2855,0.9975,0.3889286706175854
1.36,0.268263617496801,0.09962762165054274,0.12320731322029146,0.2275,0.985,0.3952918038916371
1.365,0.24718524107582085,0.11275982826927516,0.11330693068687608,0.216,0.981,0.3947303161959924
1.37,0.27896065661076624,0.1340871853888146,0.13217584485992973,0.199,0.971,0.3908681888026774
1.375,0.36540994270694177,0.16210512896715193,0.15436118910340393,0.214,0.961,0.416565973667276
1.38,0.36609141330822725,-0.1726523523102492,0.13997586552608957,0.6835,1.0,0.42493104347408595
1.385,0.3052644774679207,-0.18552118407451068,0.1121242981381504,0.671,1.0,0.40194238140272637
1.39,0.16045618040026827,-0.22375086296670596,0.08630096418451778,0.678,1.0,0.4075170290112092
1.395,0.1731947397854471,-0.24688806681390513,0.07001899844657762,0.731,1.0,0.4112663027182063
1.4,0.26642332252310097,-0.1810897642592225,0.07065181949811894,0.6745,1.0,0.4167849012152027
1.405,0.27892012638144104,0.1461677595811803,0.09337909954668834,0.237,0.969,0.4184573952652301
1.41,0.24224144259962305,0.14120444545982336,0.12810697005205762,0.224,0.97,0.40465819364529415
1.415,0.2584077292816583,0.14405191279965643,0.16226500267117866,0.2175,0.9695,0.3915037559800505
1.42,0.36289614942043075,0.1493775141627346,0.17800647586549326,0.2245,0.9675,0.41900594880457026
1.425,0.36792543668084193,-0.1663492709176519,0.148572068433145,0.6405,1.0,0.41840957043107985
1.43,0.27898317890535795,-0.19118324781155638,0.10650756003542573,0.6385,1.0,0.39958433384939834
1.435,0.12900671355688267,-0.2266859044489482,0.07747820323375944,0.6825,1.0,0.40682299417208767
1.44,0.1772505015501516,-0.235816748680741,0.062307919260845064,0.7315,1.0,0.4136594610832278
1.445,0.23631242153308415,-0.289235526103544,0.07916332121753694,0.797,1.0,0.43027937491847557
1.45,0.23568485856121446,0.13685572433535365,0.11190967957182954,0.253,0.9705,0.41909960655713957
1.455,0.22367432540111898,0.1377254606707868,0.1558541641422407,0.238,0.9705,0.4157705224736875
1.46,0.39633200198198076,0.17790033737307048,0.19460309081184668,0.2035,0.953,0.4176574465321452
1.465,0.5086123085308673,-0.13827606206099063,0.20121299553510583,0.6595,1.0,0.4224657648730675
1.47,0.48436345125942454,-0.13185698119160558,0.1605370776437685,0.6035,1.0,0.41015807224757916
1.475,0.3184571658867641,-0.17812224728784687,0.12073286029071857,0.6225,1.0,0.39037814745092253
1.48,0.09024369244938277,-0.21191978661460797,0.09118764436472149,0.694,1.0,0.4085336548428963
1.485,0.1995872922183596,-0.20270381178175256,0.08145120770129545,0.707,1.0,0.41701661031504883
1.49,0.2623844483163787,-0.21444509364545483,0.09674846636806494,0.7205,1.0,0.4194044262207062
1.495,0.2697856260344669,-0.4155604355550657,0.12918445461835773,0.881,1.0,0.4169525609167337
1.5,0.22246443955574413,0.08305913385554521,0.1719648104879745,0.2685,0.991,0.4082440792343881
1.505,0.20802318617076737,0.062373304668617055,0.20994803088532962,0.297,0.9945,0.4103250748589796
1.51,0.25804239332547024,-0.20132011378256717,0.2025109055995892,0.696,1.0,0.4172975342967314
1.515,0.2078835912647862,-0.21394925344340732,0.1601979872918533,0.689,1.0,0.4096027340827853
1.52,0.13019516358550273,-0.22868775578671588,0.12145779653165878,0.699,1.0,0.4038232659874865
1.525,0.21711684000662718,-0.2323232504896605,0.09679126452008327,0.7295,1.0,0.42025381060135353
1.53,0.25360998708170834,-0.10243247041315973,0.09613255663023948,0.6085,1.0,0.42496648992636943
1.535,0.23800193646771595,0.10468534892352399,0.12095198918305529,0.2695,0.983,0.41826838418043805
1.54,0.2032817821515836,0.10504132423258747,0.1603617312785805,0.261,0.983,0.4154301431049685
1.545,0.2868490781999604,0.10783346400786753,0.2045174565646844,0.2605,0.9825,0.4109326631630408
1.55,0.42223622125992694,-0.1644334355248633,0.22745805854475437,0.672,1.0,0.417144677141922
1.555,0.3873452630798182,-0.17275971004525947,0.19896672558928155,0.6725,1.0,0.41673241530171345
1.56,0.1600752855697098,-0.195949778706986,0.15907843588587336,0.6795,1.0,0.40777292499937384
1.565,0.2189353605722046,-0.19222214601508816,0.12235475193597618,0.7085,1.0,0.42254979361088646
1.57,0.3579315905010988,-0.18575262099250667,0.10535743012134167,0.695,1.0,0.4255113883676509
1.575,0.39500744139344046,-0.11877695471946698,0.11311146444489864,0.612,1.0,0.4182811306152763
1.58,0.38137212098491974,0.1406143125547418,0.13778196773682969,0.231,0.97,0.41443101048893305
1.585,0.30320036199782235,0.12513121923170067,0.17424874495283604,0.233,0.9745,0.4001354360720518
1.59,0.2146367078059147,0.11802948400730864,0.21323808514971138,0.2465,0.9785,0.40339256350820696
1.595,0.26237690269801767,-0.22395867639959463,0.23656951898357648,0.7405,1.0,0.42103495973906563
1.6,0.23339840595247155,-0.19913008640169352,0.21269410737542999,0.7205,1.0,0.4208513037033405
1.605,0.12821287747216023,-0.21135230977374103,0.171105016372383,0.7115,1.0,0.408024082574217
1.61,0.23743294285320962,-0.20377372545310446,0.13533482062292643,0.713,1.0,0.41368744154745646
1.615,0.3380729390218012,-0.2491454770407782,0.12447302963512256,0.762,1.0,0.4173836665726212
1.62,0.35351073359970764,0.14977894851243406,0.14474263978410778,0.224,0.967,0.41891257141557453
1.625,0.2970121491937946,0.13473694332995748,0.1789841207382803,0.2235,0.971,0.40699092885860483
1.63,0.22907119312566845,0.11804987069544848,0.21671453929694948,0.2365,0.9785,0.3932607635060828
1.635,0.34971998948180916,-0.2482143181239393,0.24303799805804355,0.756,1.0,0.4079118209333657
1.64,0.3633380307789392,-0.19675210632576226,0.22699431420039082,0.6985,1.0,0.407618109594669
1.645,0.2605101544388366,-0.22877561214956552,0.18750974011959406,0.71,1.0,0.40200478531556233
1.65,0.10720083884650232,-0.23943409001456173,0.14748616121947197,0.696,1.0,0.39315176831889326
1.655,0.30177579722427067,-0.20519085079032073,0.11265679158779228,0.6975,1.0,0.4156698497717647
1.66,0.403669545416215,0.14204618533152077,0.08803984853745304,0.2325,0.97,0.4172335181466454
1.665,0.41932774914687226,0.17448776312244535,0.09949156769925094,0.198,0.9555,0.3991124330003839
1.67,0.349924069825075,0.15845008872312674,0.13623068939342614,0.2085,0.9635,0.4067505290976792
1.675,0.23983505196106342,0.1534954107949466,0.1828288460589521,0.219,0.9655,0.4094798713146
1.68,0.37698682962302027,0.17474504969892204,0.21555939556992004,0.2195,0.955,0.4239767018149394
1.685,0.4273127918149533,-0.1618907056088371,0.20530914186475632,0.667,1.0,0.413780654441156
1.69,0.35477239773763947,-0.18285728480039795,0.1799477578514853,0.671,1.0,0.4071889167609077
1.695,0.17066559312018026,-0.2007094110341514,0.1545336634794094,0.704,1.0,0.40904620624160665
1.7,0.14217360043478405,-0.1940632863047502,0.13470742393347684,0.7135,1.0,0.4264619174617249
1.705,0.22918483707074208,-0.19967488875244946,0.1247534360168976,0.721,1.0,0.42394418162391095
1.71,0.2627505646185221,-0.34420707595565925,0.13679728401480196,0.8405,1.0,0.41763401727864247
1.715,0.219461758374273,0.10319595182556235,0.1684058393114303,0.251,0.9835,0.41266360876296165
1.72,0.20115037131740168,-0.04826133493036034,0.19446896224952298,0.494,1.0,0.4138927246802138
1.725,0.2511977369200675,-0.21461568147306972,0.18731923681506868,0.707,1.0,0.41538328756841686
1.73,0.221961722711737,-0.22493986759967605,0.16259513562970532,0.7,1.0,0.4058511610914975
1.735,0.12598019941536587,-0.2327601419551937,0.13727324271570568,0.7065,1.0,0.39366025432074203
1.74,0.18848307521826455,-0.21496247777361102,0.11698631097110257,0.72,1.0,0.41927450131388677
1.745,0.24075953729289948,-0.2309749917597882,0.10773706315739667,0.739,1.0,0.42427858257768275
1.75,0.2387246045839822,-0.5810934216436817,0.12363102260528647,0.9735,1.0,0.4201250874361851
1.755,0.19850439411396092,-0.2821269241663084,0.16525028365150185,0.7625,1.0,0.4172427896237862
1.76,0.18028964324096566,-0.5595701584877303,0.21577987345924743,0.954,1.0,0.4019466362719222
1.765,0.19312981450209735,-0.23373547875348796,0.2547001385954254,0.72,1.0,0.40524111867656626
1.77,0.1154290409091997,-0.24790330179964046,0.2532373666069867,0.731,1.0,0.40468196958447367
1.775,0.18497705820032662,-0.2813253018710087,0.23389679444666106,0.772,1.0,0.3929344425996861
1.78,0.33642816689739274,-0.26849722186982444,0.217553949728527,0.7525,1.0,0.414008561055827
1.785,0.41737184483513307,-0.27412684593210085,0.21101982308905076,0.7665,1.0,0.40575735813290115
1.79,0.4428863207895072,0.12758723943093905,0.21557373828668444,0.239,0.973,0.41366746512831915
1.795,0.4275777410121556,0.13376873346301757,0.23071342671747128,0.224,0.971,0.4076094574635563
1.8,0.35025085616584045,0.07964297397905332,0.24973869253767633,0.2545,0.991,0.390021051364349
1.805,0.35708204632601614,0.12004763757224649,0.26501196171359465,0.2085,0.9765,0.38116019141679053
1.81,0.5320649474422913,0.30557114722256273,0.2537072116996172,0.088,0.807,0.3850084317341187
1.815,0.5191651177529266,-0.058165632900356694,0.2233392713055156,0.449,1.0,0.39127174771043605
1.82,0.42043717517496476,-0.16659107442618318,0.1914313753941657,0.6205,1.0,0.38860055063627486
1.825,0.2252020944128391,-0.22400290982078416,0.16530436987445898,0.697,1.0,0.3989892772203795
1.83,0.12176245243486483,-0.22211582133746818,0.1499558315867449,0.7145,1.0,0.41404790412794695
1.835,0.2502774775881207,-0.2188442507984007,0.14736321450120077,0.724,1.0,0.42152293531200397
1.84,0.3162143636883603,0.1072556055354309,0.15695531169342297,0.2645,0.9825,0.418328799931875
1.845,0.27485450701842246,0.14979511447717614,0.17436542128012858,0.219,0.967,0.41700095088570727
1.85,0.23956231559271232,0.1543194221169896,0.18963884389600064,0.2195,0.965,0.41464051401227436
1.855,0.37256839375663314,0.0877675296380574,0.17713322799695194,0.2915,0.989,0.41611341212910913
1.86,0.387452627024247,-0.15604637000477245,0.1556509455497777,0.639,1.0,0.40755349565686266
1.865,0.26689179967470256,-0.19461833982168725,0.14173232140252806,0.6705,1.0,0.4077979558732077
1.87,0.13994576087680907,-0.21453323228730814,0.14254631967318304,0.713,1.0,0.41938558096810313
1.875,0.17329056540872917,-0.23434916337069817,0.1545887842885247,0.7405,1.0,0.4232519847361002
1.88,0.21090938754239152,-0.2170693394596088,0.17479925536724636,0.721,1.0,0.42212115073850315
1.885,0.200962064722437,0.11817139205555692,0.199305766703716,0.2565,0.9785,0.41601445972963724
1.89,0.27355078722387344,0.14399758525511192,0.2200674281659519,0.242,0.9695,0.41727507173178124
1.895,0.4470914815976604,-0.16260433059327123,0.20819523629955533,0.6925,1.0,0.42884253986362786
1.9,0.5143660336407984,-0.13167192918110548,0.16511118195139685,0.631,1.0,0.4100192638287334
1.905,0.4643814548910509,-0.13878584278690606,0.1391226752286237,0.6015,1.0,0.40521638279296107
1.91,0.22639799313024658,-0.19711495706055598,0.1241701504428735,0.6905,1.0,0.41348571295422715
1.915,0.1179555576654555,-0.21195211427587907,0.12486901307119497,0.712,1.0,0.4158471728235178
1.92,0.1903504013469864,-0.2269530703854306,0.14556853540356227,0.7245,1.0,0.4176228883155028
1.925,0.21711573028708783,-0.2966638792435606,0.17512356101052928,0.7805,1.0,0.41699507482897996
1.93,0.18525406081234805,-0.804674646716417,0.20766893546399232,0.999,1.0,0.4103549359557366
1.935,0.21114886252472143,-0.23146805366819978,0.2304286162298861,0.7385,1.0,0.41945788444337634
1.94,0.2862099706980011,-0.18816039990571204,0.21302296146334443,0.717,1.0,0.41882067274349644
1.945,0.25694191072799905,-0.19814657171915576,0.1746870188862259,0.682,1.0,0.411352742490721
1.95,0.11689683197675808,-0.2103345079516429,0.14104004389580305,0.681,1.0,0.4074378449605428
1.955,0.2082329612028556,-0.19930571200463262,0.11950979610515039,0.6965,1.0,0.41426150422890784
1.96,0.3096645016954763,-0.1981242162490933,0.12491107543248996,0.711,1.0,0.41551545481527186
1.965,0.3439417383393724,-0.251307814365005,0.14730447471460958,0.756,1.0,0.41507803737071536
1.97,0.32244465164033925,0.12063589953054489,0.17805069023483402,0.2365,0.9765,0.41333356433574275
1.975,0.2228019599387858,0.12424728960631613,0.20972105700413426,0.2495,0.9755,0.41121834702072935
1.98,0.23935171833390773,0.08561766161509882,0.22530171825888054,0.2975,0.99,0.4281721391378267
1.985,0.3240363145567956,-0.19718224171939067,0.18870366490604565,0.7145,1.0,0.4209331925688075
1.99,0.31201398099135835,-0.19468192994477398,0.14410281733947083,0.6775,1.0,0.4044711407454451
1.995,0.12737600524458936,-0.20196254176023892,0.11004490887176799,0.678,1.0,0.40868146710922276
2.0,0.20160843127386657,-0.19092749559988093,0.09738276344133691,0.7095,1.0,0.4276927836734292
