trial_id,sub,run,condition_spl,freq_hz,spl_db,freq_group,n_task,n_hit
s01_r0_t000,s01,0,10,4000,-14.9,2,0,0
s01_r0_t001,s01,0,8,1000,-57.3,1,0,0
s01_r0_t002,s01,0,17,16000,-6.1,3,2,2
s01_r0_t003,s01,0,18,18000,-6.1,3,0,0
s01_r0_t004,s01,0,3,1000,-17.8,1,2,2
s01_r0_t005,s01,0,6,1000,-41.5,1,0,0
s01_r0_t006,s01,0,14,4000,-46.5,2,2,2
s01_r0_t007,s01,0,15,4000,-54.4,2,2,2
s01_r0_t008,s01,0,2,1000,-9.9,1,0,0
s01_r0_t009,s01,0,15,4000,-54.4,2,0,0
s01_r0_t010,s01,0,3,1000,-17.8,1,0,0
s01_r0_t011,s01,0,5,1000,-33.6,1,2,2
s01_r0_t012,s01,0,4,1000,-25.7,1,0,0
s01_r0_t013,s01,0,14,4000,-46.5,2,1,1
s01_r0_t014,s01,0,12,4000,-30.7,2,1,1
s01_r0_t015,s01,0,7,1000,-49.4,1,0,0
s01_r1_t016,s01,1,19,20000,-6.1,3,0,0
s01_r1_t017,s01,1,11,4000,-22.8,2,2,2
s01_r1_t018,s01,1,2,1000,-9.9,1,2,2
s01_r1_t019,s01,1,10,4000,-14.9,2,2,2
s01_r1_t020,s01,1,11,4000,-22.8,2,0,0
s01_r1_t021,s01,1,4,1000,-25.7,1,2,2
s01_r1_t022,s01,1,10,4000,-14.9,2,2,2
s01_r1_t023,s01,1,12,4000,-30.7,2,2,2
s01_r1_t024,s01,1,1,1000,5.9,1,2,2
s01_r1_t025,s01,1,16,4000,-62.3,2,2,2
s01_r1_t026,s01,1,12,4000,-30.7,2,1,1
s01_r1_t027,s01,1,1,1000,5.9,1,1,1
s01_r1_t028,s01,1,18,18000,-6.1,3,2,0
s01_r1_t029,s01,1,3,1000,-17.8,1,0,0
s01_r1_t030,s01,1,15,4000,-54.4,2,0,0
s01_r1_t031,s01,1,19,20000,-6.1,3,2,0
s01_r2_t032,s01,2,19,20000,-6.1,3,0,0
s01_r2_t033,s01,2,8,1000,-57.3,1,2,0
s01_r2_t034,s01,2,15,4000,-54.4,2,0,0
s01_r2_t035,s01,2,1,1000,5.9,1,2,2
s01_r2_t036,s01,2,9,4000,0.9,2,0,0
s01_r2_t037,s01,2,3,1000,-17.8,1,2,2
s01_r2_t038,s01,2,13,4000,-38.6,2,1,1
s01_r2_t039,s01,2,13,4000,-38.6,2,0,0
s01_r2_t040,s01,2,6,1000,-41.5,1,0,0
s01_r2_t041,s01,2,6,1000,-41.5,1,2,2
s01_r2_t042,s01,2,13,4000,-38.6,2,2,2
s01_r2_t043,s01,2,8,1000,-57.3,1,2,1
s01_r2_t044,s01,2,19,20000,-6.1,3,0,0
s01_r2_t045,s01,2,7,1000,-49.4,1,2,2
s01_r2_t046,s01,2,14,4000,-46.5,2,0,0
s01_r2_t047,s01,2,9,4000,0.9,2,2,2
s01_r3_t048,s01,3,2,1000,-9.9,1,2,2
s01_r3_t049,s01,3,4,1000,-25.7,1,0,0
s01_r3_t050,s01,3,7,1000,-49.4,1,2,2
s01_r3_t051,s01,3,9,4000,0.9,2,0,0
s01_r3_t052,s01,3,15,4000,-54.4,2,2,2
s01_r3_t053,s01,3,17,16000,-6.1,3,2,2
s01_r3_t054,s01,3,10,4000,-14.9,2,1,0
s01_r3_t055,s01,3,6,1000,-41.5,1,0,0
s01_r3_t056,s01,3,5,1000,-33.6,1,1,1
s01_r3_t057,s01,3,11,4000,-22.8,2,1,1
s01_r3_t058,s01,3,6,1000,-41.5,1,2,2
s01_r3_t059,s01,3,10,4000,-14.9,2,0,0
s01_r3_t060,s01,3,2,1000,-9.9,1,0,0
s01_r3_t061,s01,3,9,4000,0.9,2,1,1
s01_r3_t062,s01,3,1,1000,5.9,1,0,0
s01_r3_t063,s01,3,14,4000,-46.5,2,1,0
s01_r4_t064,s01,4,7,1000,-49.4,1,0,0
s01_r4_t065,s01,4,14,4000,-46.5,2,2,2
s01_r4_t066,s01,4,18,18000,-6.1,3,1,0
s01_r4_t067,s01,4,16,4000,-62.3,2,0,0
s01_r4_t068,s01,4,13,4000,-38.6,2,0,0
s01_r4_t069,s01,4,17,16000,-6.1,3,0,0
s01_r4_t070,s01,4,13,4000,-38.6,2,2,2
s01_r4_t071,s01,4,18,18000,-6.1,3,1,0
s01_r4_t072,s01,4,5,1000,-33.6,1,2,2
s01_r4_t073,s01,4,18,18000,-6.1,3,2,0
s01_r4_t074,s01,4,16,4000,-62.3,2,1,0
s01_r4_t075,s01,4,17,16000,-6.1,3,0,0
s01_r4_t076,s01,4,5,1000,-33.6,1,0,0
s01_r4_t077,s01,4,11,4000,-22.8,2,2,2
s01_r4_t078,s01,4,8,1000,-57.3,1,0,0
s01_r4_t079,s01,4,4,1000,-25.7,1,2,2
s01_r5_t080,s01,5,1,1000,5.9,1,1,0
s01_r5_t081,s01,5,16,4000,-62.3,2,1,1
s01_r5_t082,s01,5,8,1000,-57.3,1,0,0
s01_r5_t083,s01,5,3,1000,-17.8,1,1,1
s01_r5_t084,s01,5,16,4000,-62.3,2,2,2
s01_r5_t085,s01,5,11,4000,-22.8,2,0,0
s01_r5_t086,s01,5,9,4000,0.9,2,2,1
s01_r5_t087,s01,5,19,20000,-6.1,3,2,0
s01_r5_t088,s01,5,12,4000,-30.7,2,2,2
s01_r5_t089,s01,5,17,16000,-6.1,3,0,0
s01_r5_t090,s01,5,4,1000,-25.7,1,0,0
s01_r5_t091,s01,5,12,4000,-30.7,2,0,0
s01_r5_t092,s01,5,2,1000,-9.9,1,0,0
s01_r5_t093,s01,5,5,1000,-33.6,1,0,0
s01_r5_t094,s01,5,7,1000,-49.4,1,0,0
s02_r0_t000,s02,0,18,18000,-6.1,3,1,0
s02_r0_t001,s02,0,3,1000,-17.8,1,2,1
s02_r0_t002,s02,0,16,4000,-62.3,2,2,0
s02_r0_t003,s02,0,14,4000,-46.5,2,2,2
s02_r0_t004,s02,0,17,16000,-6.1,3,2,0
s02_r0_t005,s02,0,1,1000,5.9,1,0,0
s02_r0_t006,s02,0,19,20000,-6.1,3,0,0
s02_r0_t007,s02,0,7,1000,-49.4,1,0,0
s02_r0_t008,s02,0,14,4000,-46.5,2,0,0
s02_r0_t009,s02,0,16,4000,-62.3,2,0,0
s02_r0_t010,s02,0,12,4000,-30.7,2,1,1
s02_r0_t011,s02,0,7,1000,-49.4,1,1,0
s02_r0_t012,s02,0,18,18000,-6.1,3,2,0
s02_r0_t013,s02,0,12,4000,-30.7,2,2,2
s02_r0_t014,s02,0,19,20000,-6.1,3,0,0
s02_r0_t015,s02,0,11,4000,-22.8,2,0,0
s02_r1_t016,s02,1,6,1000,-41.5,1,2,2
s02_r1_t017,s02,1,15,4000,-54.4,2,1,1
s02_r1_t018,s02,1,14,4000,-46.5,2,0,0
s02_r1_t019,s02,1,4,1000,-25.7,1,2,2
s02_r1_t020,s02,1,16,4000,-62.3,2,2,0
s02_r1_t021,s02,1,7,1000,-49.4,1,0,0
s02_r1_t022,s02,1,8,1000,-57.3,1,1,1
s02_r1_t023,s02,1,19,20000,-6.1,3,2,0
s02_r1_t024,s02,1,10,4000,-14.9,2,1,1
s02_r1_t025,s02,1,6,1000,-41.5,1,1,1
s02_r1_t026,s02,1,5,1000,-33.6,1,1,0
s02_r1_t027,s02,1,13,4000,-38.6,2,0,0
s02_r1_t028,s02,1,18,18000,-6.1,3,1,0
s02_r1_t029,s02,1,6,1000,-41.5,1,0,0
s02_r1_t030,s02,1,12,4000,-30.7,2,0,0
s02_r1_t031,s02,1,2,1000,-9.9,1,2,2
s02_r2_t032,s02,2,2,1000,-9.9,1,0,0
s02_r2_t033,s02,2,8,1000,-57.3,1,1,0
s02_r2_t034,s02,2,15,4000,-54.4,2,2,0
s02_r2_t035,s02,2,12,4000,-30.7,2,0,0
s02_r2_t036,s02,2,4,1000,-25.7,1,1,0
s02_r2_t037,s02,2,13,4000,-38.6,2,1,1
s02_r2_t038,s02,2,18,18000,-6.1,3,0,0
s02_r2_t039,s02,2,1,1000,5.9,1,0,0
s02_r2_t040,s02,2,9,4000,0.9,2,2,2
s02_r2_t041,s02,2,17,16000,-6.1,3,0,0
s02_r2_t042,s02,2,16,4000,-62.3,2,0,0
s02_r2_t043,s02,2,19,20000,-6.1,3,2,0
s02_r2_t044,s02,2,4,1000,-25.7,1,2,2
s02_r2_t045,s02,2,7,1000,-49.4,1,2,1
s02_r2_t046,s02,2,11,4000,-22.8,2,1,1
s02_r2_t047,s02,2,1,1000,5.9,1,2,2
s02_r3_t048,s02,3,8,1000,-57.3,1,2,1
s02_r3_t049,s02,3,3,1000,-17.8,1,0,0
s02_r3_t050,s02,3,9,4000,0.9,2,0,0
s02_r3_t051,s02,3,5,1000,-33.6,1,2,2
s02_r3_t052,s02,3,11,4000,-22.8,2,2,2
s02_r3_t053,s02,3,7,1000,-49.4,1,2,2
s02_r3_t054,s02,3,8,1000,-57.3,1,2,2
s02_r3_t055,s02,3,4,1000,-25.7,1,0,0
s02_r3_t056,s02,3,18,18000,-6.1,3,2,0
s02_r3_t057,s02,3,11,4000,-22.8,2,2,2
s02_r3_t058,s02,3,2,1000,-9.9,1,2,2
s02_r3_t059,s02,3,5,1000,-33.6,1,0,0
s02_r3_t060,s02,3,17,16000,-6.1,3,2,0
s02_r3_t061,s02,3,2,1000,-9.9,1,0,0
s02_r3_t062,s02,3,15,4000,-54.4,2,1,0
s02_r3_t063,s02,3,1,1000,5.9,1,2,2
s02_r4_t064,s02,4,3,1000,-17.8,1,0,0
s02_r4_t065,s02,4,8,1000,-57.3,1,0,0
s02_r4_t066,s02,4,13,4000,-38.6,2,1,1
s02_r4_t067,s02,4,13,4000,-38.6,2,2,2
s02_r4_t068,s02,4,15,4000,-54.4,2,2,1
s02_r4_t069,s02,4,10,4000,-14.9,2,1,1
s02_r4_t070,s02,4,16,4000,-62.3,2,0,0
s02_r4_t071,s02,4,13,4000,-38.6,2,2,2
s02_r4_t072,s02,4,19,20000,-6.1,3,0,0
s02_r4_t073,s02,4,6,1000,-41.5,1,2,2
s02_r4_t074,s02,4,9,4000,0.9,2,0,0
s02_r4_t075,s02,4,10,4000,-14.9,2,2,2
s02_r4_t076,s02,4,5,1000,-33.6,1,1,0
s02_r4_t077,s02,4,14,4000,-46.5,2,0,0
s02_r4_t078,s02,4,5,1000,-33.6,1,2,2
s02_r4_t079,s02,4,11,4000,-22.8,2,0,0
s02_r5_t080,s02,5,4,1000,-25.7,1,1,1
s02_r5_t081,s02,5,17,16000,-6.1,3,1,0
s02_r5_t082,s02,5,9,4000,0.9,2,2,2
s02_r5_t083,s02,5,12,4000,-30.7,2,2,2
s02_r5_t084,s02,5,10,4000,-14.9,2,2,2
s02_r5_t085,s02,5,9,4000,0.9,2,0,0
s02_r5_t086,s02,5,3,1000,-17.8,1,2,2
s02_r5_t087,s02,5,15,4000,-54.4,2,0,0
s02_r5_t088,s02,5,3,1000,-17.8,1,1,0
s02_r5_t089,s02,5,1,1000,5.9,1,0,0
s02_r5_t090,s02,5,14,4000,-46.5,2,2,2
s02_r5_t091,s02,5,2,1000,-9.9,1,0,0
s02_r5_t092,s02,5,6,1000,-41.5,1,1,1
s02_r5_t093,s02,5,17,16000,-6.1,3,0,0
s02_r5_t094,s02,5,10,4000,-14.9,2,0,0
s03_r0_t000,s03,0,13,4000,-38.6,2,2,1
s03_r0_t001,s03,0,9,4000,0.9,2,1,1
s03_r0_t002,s03,0,1,1000,5.9,1,1,0
s03_r0_t003,s03,0,19,20000,-6.1,3,2,0
s03_r0_t004,s03,0,3,1000,-17.8,1,2,2
s03_r0_t005,s03,0,14,4000,-46.5,2,2,2
s03_r0_t006,s03,0,3,1000,-17.8,1,2,2
s03_r0_t007,s03,0,12,4000,-30.7,2,1,0
s03_r0_t008,s03,0,6,1000,-41.5,1,2,2
s03_r0_t009,s03,0,10,4000,-14.9,2,2,2
s03_r0_t010,s03,0,18,18000,-6.1,3,2,0
s03_r0_t011,s03,0,11,4000,-22.8,2,2,2
s03_r0_t012,s03,0,9,4000,0.9,2,0,0
s03_r0_t013,s03,0,12,4000,-30.7,2,2,2
s03_r0_t014,s03,0,10,4000,-14.9,2,0,0
s03_r0_t015,s03,0,3,1000,-17.8,1,0,0
s03_r1_t016,s03,1,2,1000,-9.9,1,1,0
s03_r1_t017,s03,1,10,4000,-14.9,2,2,2
s03_r1_t018,s03,1,17,16000,-6.1,3,1,0
s03_r1_t019,s03,1,19,20000,-6.1,3,2,0
s03_r1_t020,s03,1,5,1000,-33.6,1,0,0
s03_r1_t021,s03,1,19,20000,-6.1,3,1,0
s03_r1_t022,s03,1,14,4000,-46.5,2,0,0
s03_r1_t023,s03,1,15,4000,-54.4,2,2,2
s03_r1_t024,s03,1,17,16000,-6.1,3,0,0
s03_r1_t025,s03,1,8,1000,-57.3,1,2,0
s03_r1_t026,s03,1,18,18000,-6.1,3,0,0
s03_r1_t027,s03,1,4,1000,-25.7,1,0,0
s03_r1_t028,s03,1,17,16000,-6.1,3,2,0
s03_r1_t029,s03,1,1,1000,5.9,1,0,0
s03_r1_t030,s03,1,16,4000,-62.3,2,2,0
s03_r1_t031,s03,1,8,1000,-57.3,1,0,0
s03_r2_t032,s03,2,11,4000,-22.8,2,0,0
s03_r2_t033,s03,2,4,1000,-25.7,1,2,2
s03_r2_t034,s03,2,19,20000,-6.1,3,0,0
s03_r2_t035,s03,2,13,4000,-38.6,2,2,2
s03_r2_t036,s03,2,8,1000,-57.3,1,2,0
s03_r2_t037,s03,2,7,1000,-49.4,1,2,2
s03_r2_t038,s03,2,2,1000,-9.9,1,2,2
s03_r2_t039,s03,2,5,1000,-33.6,1,2,2
s03_r2_t040,s03,2,1,1000,5.9,1,0,0
s03_r2_t041,s03,2,14,4000,-46.5,2,2,2
s03_r2_t042,s03,2,16,4000,-62.3,2,2,1
s03_r2_t043,s03,2,9,4000,0.9,2,2,2
s03_r2_t044,s03,2,11,4000,-22.8,2,1,1
s03_r2_t045,s03,2,7,1000,-49.4,1,0,0
s03_r2_t046,s03,2,4,1000,-25.7,1,0,0
s03_r2_t047,s03,2,14,4000,-46.5,2,0,0
s03_r3_t048,s03,3,18,18000,-6.1,3,2,0
s03_r3_t049,s03,3,19,20000,-6.1,3,0,0
s03_r3_t050,s03,3,13,4000,-38.6,2,0,0
s03_r3_t051,s03,3,2,1000,-9.9,1,2,2
s03_r3_t052,s03,3,2,1000,-9.9,1,1,1
s03_r3_t053,s03,3,15,4000,-54.4,2,1,1
s03_r3_t054,s03,3,14,4000,-46.5,2,1,1
s03_r3_t055,s03,3,12,4000,-30.7,2,2,2
s03_r3_t056,s03,3,15,4000,-54.4,2,0,0
s03_r3_t057,s03,3,8,1000,-57.3,1,1,0
s03_r3_t058,s03,3,5,1000,-33.6,1,2,2
s03_r3_t059,s03,3,2,1000,-9.9,1,0,0
s03_r3_t060,s03,3,18,18000,-6.1,3,1,0
s03_r3_t061,s03,3,13,4000,-38.6,2,0,0
s03_r3_t062,s03,3,16,4000,-62.3,2,1,0
s03_r3_t063,s03,3,11,4000,-22.8,2,2,2
s03_r4_t064,s03,4,7,1000,-49.4,1,1,1
s03_r4_t065,s03,4,13,4000,-38.6,2,0,0
s03_r4_t066,s03,4,17,16000,-6.1,3,2,0
s03_r4_t067,s03,4,17,16000,-6.1,3,0,0
s03_r4_t068,s03,4,3,1000,-17.8,1,0,0
s03_r4_t069,s03,4,18,18000,-6.1,3,0,0
s03_r4_t070,s03,4,8,1000,-57.3,1,0,0
s03_r4_t071,s03,4,1,1000,5.9,1,2,2
s03_r4_t072,s03,4,7,1000,-49.4,1,0,0
s03_r4_t073,s03,4,3,1000,-17.8,1,0,0
s03_r4_t074,s03,4,6,1000,-41.5,1,1,1
s03_r4_t075,s03,4,6,1000,-41.5,1,1,0
s03_r4_t076,s03,4,5,1000,-33.6,1,0,0
s03_r4_t077,s03,4,9,4000,0.9,2,0,0
s03_r4_t078,s03,4,10,4000,-14.9,2,0,0
s03_r4_t079,s03,4,9,4000,0.9,2,2,2
s03_r5_t080,s03,5,6,1000,-41.5,1,2,2
s03_r5_t081,s03,5,12,4000,-30.7,2,1,1
s03_r5_t082,s03,5,5,1000,-33.6,1,0,0
s03_r5_t083,s03,5,10,4000,-14.9,2,0,0
s03_r5_t084,s03,5,1,1000,5.9,1,2,2
s03_r5_t085,s03,5,4,1000,-25.7,1,2,2
s03_r5_t086,s03,5,15,4000,-54.4,2,0,0
s03_r5_t087,s03,5,4,1000,-25.7,1,1,1
s03_r5_t088,s03,5,6,1000,-41.5,1,0,0
s03_r5_t089,s03,5,16,4000,-62.3,2,0,0
s03_r5_t090,s03,5,7,1000,-49.4,1,2,2
s03_r5_t091,s03,5,16,4000,-62.3,2,0,0
s03_r5_t092,s03,5,15,4000,-54.4,2,2,2
s03_r5_t093,s03,5,11,4000,-22.8,2,0,0
s03_r5_t094,s03,5,12,4000,-30.7,2,0,0
s04_r0_t000,s04,0,19,20000,-6.1,3,0,0
s04_r0_t001,s04,0,16,4000,-62.3,2,2,0
s04_r0_t002,s04,0,3,1000,-17.8,1,2,1
s04_r0_t003,s04,0,7,1000,-49.4,1,1,0
s04_r0_t004,s04,0,15,4000,-54.4,2,0,0
s04_r0_t005,s04,0,3,1000,-17.8,1,0,0
s04_r0_t006,s04,0,4,1000,-25.7,1,0,0
s04_r0_t007,s04,0,13,4000,-38.6,2,2,2
s04_r0_t008,s04,0,6,1000,-41.5,1,2,1
s04_r0_t009,s04,0,18,18000,-6.1,3,1,0
s04_r0_t010,s04,0,19,20000,-6.1,3,2,0
s04_r0_t011,s04,0,19,20000,-6.1,3,2,0
s04_r0_t012,s04,0,8,1000,-57.3,1,0,0
s04_r0_t013,s04,0,9,4000,0.9,2,0,0
s04_r0_t014,s04,0,13,4000,-38.6,2,0,0
s04_r0_t015,s04,0,19,20000,-6.1,3,0,0
s04_r1_t016,s04,1,7,1000,-49.4,1,2,0
s04_r1_t017,s04,1,16,4000,-62.3,2,1,0
s04_r1_t018,s04,1,9,4000,0.9,2,1,1
s04_r1_t019,s04,1,12,4000,-30.7,2,2,2
s04_r1_t020,s04,1,8,1000,-57.3,1,0,0
s04_r1_t021,s04,1,10,4000,-14.9,2,1,1
s04_r1_t022,s04,1,2,1000,-9.9,1,0,0
s04_r1_t023,s04,1,13,4000,-38.6,2,0,0
s04_r1_t024,s04,1,11,4000,-22.8,2,0,0
s04_r1_t025,s04,1,18,18000,-6.1,3,2,0
s04_r1_t026,s04,1,2,1000,-9.9,1,0,0
s04_r1_t027,s04,1,4,1000,-25.7,1,0,0
s04_r1_t028,s04,1,17,16000,-6.1,3,1,0
s04_r1_t029,s04,1,17,16000,-6.1,3,0,0
s04_r1_t030,s04,1,8,1000,-57.3,1,0,0
s04_r1_t031,s04,1,6,1000,-41.5,1,0,0
s04_r2_t032,s04,2,7,1000,-49.4,1,0,0
s04_r2_t033,s04,2,3,1000,-17.8,1,2,2
s04_r2_t034,s04,2,10,4000,-14.9,2,0,0
s04_r2_t035,s04,2,17,16000,-6.1,3,2,0
s04_r2_t036,s04,2,18,18000,-6.1,3,2,0
s04_r2_t037,s04,2,1,1000,5.9,1,0,0
s04_r2_t038,s04,2,16,4000,-62.3,2,0,0
s04_r2_t039,s04,2,7,1000,-49.4,1,2,0
s04_r2_t040,s04,2,10,4000,-14.9,2,2,2
s04_r2_t041,s04,2,5,1000,-33.6,1,2,1
s04_r2_t042,s04,2,9,4000,0.9,2,2,2
s04_r2_t043,s04,2,13,4000,-38.6,2,0,0
s04_r2_t044,s04,2,6,1000,-41.5,1,0,0
s04_r2_t045,s04,2,15,4000,-54.4,2,1,1
s04_r2_t046,s04,2,14,4000,-46.5,2,0,0
s04_r2_t047,s04,2,10,4000,-14.9,2,0,0
s04_r3_t048,s04,3,4,1000,-25.7,1,2,2
s04_r3_t049,s04,3,5,1000,-33.6,1,0,0
s04_r3_t050,s04,3,1,1000,5.9,1,0,0
s04_r3_t051,s04,3,17,16000,-6.1,3,0,0
s04_r3_t052,s04,3,4,1000,-25.7,1,2,1
s04_r3_t053,s04,3,3,1000,-17.8,1,0,0
s04_r3_t054,s04,3,2,1000,-9.9,1,2,2
s04_r3_t055,s04,3,9,4000,0.9,2,0,0
s04_r3_t056,s04,3,15,4000,-54.4,2,0,0
s04_r3_t057,s04,3,5,1000,-33.6,1,2,2
s04_r3_t058,s04,3,12,4000,-30.7,2,2,2
s04_r3_t059,s04,3,16,4000,-62.3,2,2,0
s04_r3_t060,s04,3,11,4000,-22.8,2,1,1
s04_r3_t061,s04,3,8,1000,-57.3,1,2,0
s04_r3_t062,s04,3,18,18000,-6.1,3,0,0
s04_r3_t063,s04,3,7,1000,-49.4,1,0,0
s04_r4_t064,s04,4,17,16000,-6.1,3,2,0
s04_r4_t065,s04,4,16,4000,-62.3,2,0,0
s04_r4_t066,s04,4,14,4000,-46.5,2,0,0
s04_r4_t067,s04,4,3,1000,-17.8,1,0,0
s04_r4_t068,s04,4,11,4000,-22.8,2,0,0
s04_r4_t069,s04,4,11,4000,-22.8,2,2,2
s04_r4_t070,s04,4,9,4000,0.9,2,2,2
s04_r4_t071,s04,4,14,4000,-46.5,2,0,0
s04_r4_t072,s04,4,1,1000,5.9,1,2,2
s04_r4_t073,s04,4,10,4000,-14.9,2,2,2
s04_r4_t074,s04,4,13,4000,-38.6,2,2,2
s04_r4_t075,s04,4,5,1000,-33.6,1,0,0
s04_r4_t076,s04,4,8,1000,-57.3,1,2,0
s04_r4_t077,s04,4,12,4000,-30.7,2,0,0
s04_r4_t078,s04,4,15,4000,-54.4,2,2,0
s04_r4_t079,s04,4,5,1000,-33.6,1,0,0
s04_r5_t080,s04,5,1,1000,5.9,1,2,2
s04_r5_t081,s04,5,19,20000,-6.1,3,1,0
s04_r5_t082,s04,5,2,1000,-9.9,1,0,0
s04_r5_t083,s04,5,6,1000,-41.5,1,0,0
s04_r5_t084,s04,5,6,1000,-41.5,1,2,2
s04_r5_t085,s04,5,11,4000,-22.8,2,2,2
s04_r5_t086,s04,5,18,18000,-6.1,3,0,0
s04_r5_t087,s04,5,14,4000,-46.5,2,2,2
s04_r5_t088,s04,5,4,1000,-25.7,1,0,0
s04_r5_t089,s04,5,15,4000,-54.4,2,2,2
s04_r5_t090,s04,5,14,4000,-46.5,2,2,2
s04_r5_t091,s04,5,2,1000,-9.9,1,2,2
s04_r5_t092,s04,5,1,1000,5.9,1,1,1
s04_r5_t093,s04,5,12,4000,-30.7,2,0,0
s04_r5_t094,s04,5,12,4000,-30.7,2,0,0
s05_r0_t000,s05,0,7,1000,-49.4,1,1,1
s05_r0_t001,s05,0,9,4000,0.9,2,1,1
s05_r0_t002,s05,0,19,20000,-6.1,3,2,0
s05_r0_t003,s05,0,2,1000,-9.9,1,1,1
s05_r0_t004,s05,0,16,4000,-62.3,2,2,2
s05_r0_t005,s05,0,16,4000,-62.3,2,0,0
s05_r0_t006,s05,0,14,4000,-46.5,2,2,2
s05_r0_t007,s05,0,18,18000,-6.1,3,2,0
s05_r0_t008,s05,0,13,4000,-38.6,2,0,0
s05_r0_t009,s05,0,17,16000,-6.1,3,0,0
s05_r0_t010,s05,0,1,1000,5.9,1,0,0
s05_r0_t011,s05,0,3,1000,-17.8,1,2,2
s05_r0_t012,s05,0,12,4000,-30.7,2,0,0
s05_r0_t013,s05,0,3,1000,-17.8,1,0,0
s05_r0_t014,s05,0,9,4000,0.9,2,0,0
s05_r0_t015,s05,0,15,4000,-54.4,2,0,0
s05_r1_t016,s05,1,11,4000,-22.8,2,2,2
s05_r1_t017,s05,1,13,4000,-38.6,2,2,2
s05_r1_t018,s05,1,5,1000,-33.6,1,2,2
s05_r1_t019,s05,1,3,1000,-17.8,1,0,0
s05_r1_t020,s05,1,2,1000,-9.9,1,2,2
s05_r1_t021,s05,1,7,1000,-49.4,1,2,2
s05_r1_t022,s05,1,7,1000,-49.4,1,1,1
s05_r1_t023,s05,1,15,4000,-54.4,2,2,2
s05_r1_t024,s05,1,10,4000,-14.9,2,2,2
s05_r1_t025,s05,1,12,4000,-30.7,2,0,0
s05_r1_t026,s05,1,18,18000,-6.1,3,2,0
s05_r1_t027,s05,1,12,4000,-30.7,2,2,2
s05_r1_t028,s05,1,2,1000,-9.9,1,2,2
s05_r1_t029,s05,1,18,18000,-6.1,3,1,0
s05_r1_t030,s05,1,8,1000,-57.3,1,1,1
s05_r1_t031,s05,1,10,4000,-14.9,2,1,1
s05_r2_t032,s05,2,11,4000,-22.8,2,0,0
s05_r2_t033,s05,2,2,1000,-9.9,1,0,0
s05_r2_t034,s05,2,5,1000,-33.6,1,1,1
s05_r2_t035,s05,2,9,4000,0.9,2,2,2
s05_r2_t036,s05,2,8,1000,-57.3,1,2,2
s05_r2_t037,s05,2,16,4000,-62.3,2,0,0
s05_r2_t038,s05,2,18,18000,-6.1,3,0,0
s05_r2_t039,s05,2,5,1000,-33.6,1,0,0
s05_r2_t040,s05,2,4,1000,-25.7,1,0,0
s05_r2_t041,s05,2,5,1000,-33.6,1,0,0
s05_r2_t042,s05,2,15,4000,-54.4,2,0,0
s05_r2_t043,s05,2,12,4000,-30.7,2,2,2
s05_r2_t044,s05,2,19,20000,-6.1,3,2,0
s05_r2_t045,s05,2,3,1000,-17.8,1,0,0
s05_r2_t046,s05,2,4,1000,-25.7,1,2,2
s05_r2_t047,s05,2,15,4000,-54.4,2,0,0
s05_r3_t048,s05,3,4,1000,-25.7,1,2,2
s05_r3_t049,s05,3,15,4000,-54.4,2,2,2
s05_r3_t050,s05,3,1,1000,5.9,1,2,2
s05_r3_t051,s05,3,8,1000,-57.3,1,0,0
s05_r3_t052,s05,3,18,18000,-6.1,3,0,0
s05_r3_t053,s05,3,13,4000,-38.6,2,2,2
s05_r3_t054,s05,3,8,1000,-57.3,1,0,0
s05_r3_t055,s05,3,14,4000,-46.5,2,2,2
s05_r3_t056,s05,3,6,1000,-41.5,1,2,2
s05_r3_t057,s05,3,1,1000,5.9,1,0,0
s05_r3_t058,s05,3,10,4000,-14.9,2,2,2
s05_r3_t059,s05,3,13,4000,-38.6,2,0,0
s05_r3_t060,s05,3,11,4000,-22.8,2,0,0
s05_r3_t061,s05,3,5,1000,-33.6,1,2,2
s05_r3_t062,s05,3,9,4000,0.9,2,2,2
s05_r3_t063,s05,3,1,1000,5.9,1,2,2
s05_r4_t064,s05,4,11,4000,-22.8,2,2,2
s05_r4_t065,s05,4,17,16000,-6.1,3,1,1
s05_r4_t066,s05,4,16,4000,-62.3,2,0,0
s05_r4_t067,s05,4,10,4000,-14.9,2,0,0
s05_r4_t068,s05,4,6,1000,-41.5,1,0,0
s05_r4_t069,s05,4,17,16000,-6.1,3,2,2
s05_r4_t070,s05,4,8,1000,-57.3,1,2,2
s05_r4_t071,s05,4,7,1000,-49.4,1,2,2
s05_r4_t072,s05,4,13,4000,-38.6,2,1,1
s05_r4_t073,s05,4,2,1000,-9.9,1,0,0
s05_r4_t074,s05,4,3,1000,-17.8,1,2,2
s05_r4_t075,s05,4,14,4000,-46.5,2,0,0
s05_r4_t076,s05,4,19,20000,-6.1,3,0,0
s05_r4_t077,s05,4,7,1000,-49.4,1,0,0
s05_r4_t078,s05,4,19,20000,-6.1,3,1,0
s05_r4_t079,s05,4,17,16000,-6.1,3,2,2
s05_r5_t080,s05,5,4,1000,-25.7,1,1,1
s05_r5_t081,s05,5,10,4000,-14.9,2,0,0
s05_r5_t082,s05,5,17,16000,-6.1,3,0,0
s05_r5_t083,s05,5,19,20000,-6.1,3,0,0
s05_r5_t084,s05,5,6,1000,-41.5,1,0,0
s05_r5_t085,s05,5,1,1000,5.9,1,0,0
s05_r5_t086,s05,5,16,4000,-62.3,2,2,2
s05_r5_t087,s05,5,4,1000,-25.7,1,0,0
s05_r5_t088,s05,5,11,4000,-22.8,2,0,0
s05_r5_t089,s05,5,14,4000,-46.5,2,0,0
s05_r5_t090,s05,5,6,1000,-41.5,1,0,0
s05_r5_t091,s05,5,14,4000,-46.5,2,0,0
s05_r5_t092,s05,5,6,1000,-41.5,1,2,2
s05_r5_t093,s05,5,9,4000,0.9,2,1,1
s05_r5_t094,s05,5,12,4000,-30.7,2,1,1
s06_r0_t000,s06,0,2,1000,-9.9,1,0,0
s06_r0_t001,s06,0,1,1000,5.9,1,1,1
s06_r0_t002,s06,0,3,1000,-17.8,1,0,0
s06_r0_t003,s06,0,8,1000,-57.3,1,0,0
s06_r0_t004,s06,0,8,1000,-57.3,1,2,0
s06_r0_t005,s06,0,7,1000,-49.4,1,0,0
s06_r0_t006,s06,0,6,1000,-41.5,1,2,1
s06_r0_t007,s06,0,7,1000,-49.4,1,2,0
s06_r0_t008,s06,0,3,1000,-17.8,1,2,2
s06_r0_t009,s06,0,12,4000,-30.7,2,2,2
s06_r0_t010,s06,0,14,4000,-46.5,2,1,1
s06_r0_t011,s06,0,17,16000,-6.1,3,2,0
s06_r0_t012,s06,0,9,4000,0.9,2,2,2
s06_r0_t013,s06,0,15,4000,-54.4,2,1,1
s06_r0_t014,s06,0,18,18000,-6.1,3,0,0
s06_r0_t015,s06,0,2,1000,-9.9,1,1,0
s06_r1_t016,s06,1,9,4000,0.9,2,0,0
s06_r1_t017,s06,1,8,1000,-57.3,1,0,0
s06_r1_t018,s06,1,11,4000,-22.8,2,1,1
s06_r1_t019,s06,1,12,4000,-30.7,2,0,0
s06_r1_t020,s06,1,13,4000,-38.6,2,0,0
s06_r1_t021,s06,1,14,4000,-46.5,2,0,0
s06_r1_t022,s06,1,2,1000,-9.9,1,2,2
s06_r1_t023,s06,1,11,4000,-22.8,2,2,1
s06_r1_t024,s06,1,18,18000,-6.1,3,2,0
s06_r1_t025,s06,1,15,4000,-54.4,2,2,2
s06_r1_t026,s06,1,4,1000,-25.7,1,0,0
s06_r1_t027,s06,1,12,4000,-30.7,2,0,0
s06_r1_t028,s06,1,5,1000,-33.6,1,2,2
s06_r1_t029,s06,1,5,1000,-33.6,1,2,2
s06_r1_t030,s06,1,8,1000,-57.3,1,0,0
s06_r1_t031,s06,1,16,4000,-62.3,2,0,0
s06_r2_t032,s06,2,7,1000,-49.4,1,1,1
s06_r2_t033,s06,2,1,1000,5.9,1,2,2
s06_r2_t034,s06,2,1,1000,5.9,1,0,0
s06_r2_t035,s06,2,1,1000,5.9,1,2,2
s06_r2_t036,s06,2,10,4000,-14.9,2,0,0
s06_r2_t037,s06,2,10,4000,-14.9,2,1,1
s06_r2_t038,s06,2,18,18000,-6.1,3,2,0
s06_r2_t039,s06,2,15,4000,-54.4,2,0,0
s06_r2_t040,s06,2,6,1000,-41.5,1,0,0
s06_r2_t041,s06,2,4,1000,-25.7,1,1,1
s06_r2_t042,s06,2,9,4000,0.9,2,1,1
s06_r2_t043,s06,2,6,1000,-41.5,1,0,0
s06_r2_t044,s06,2,16,4000,-62.3,2,0,0
s06_r2_t045,s06,2,5,1000,-33.6,1,0,0
s06_r2_t046,s06,2,13,4000,-38.6,2,0,0
s06_r2_t047,s06,2,11,4000,-22.8,2,0,0
s06_r3_t048,s06,3,4,1000,-25.7,1,2,2
s06_r3_t049,s06,3,10,4000,-14.9,2,0,0
s06_r3_t050,s06,3,13,4000,-38.6,2,2,2
s06_r3_t051,s06,3,14,4000,-46.5,2,2,2
s06_r3_t052,s06,3,7,1000,-49.4,1,0,0
s06_r3_t053,s06,3,4,1000,-25.7,1,2,2
s06_r3_t054,s06,3,16,4000,-62.3,2,0,0
s06_r3_t055,s06,3,1,1000,5.9,1,0,0
s06_r3_t056,s06,3,4,1000,-25.7,1,0,0
s06_r3_t057,s06,3,8,1000,-57.3,1,2,0
s06_r3_t058,s06,3,14,4000,-46.5,2,2,2
s06_r3_t059,s06,3,17,16000,-6.1,3,1,0
s06_r3_t060,s06,3,17,16000,-6.1,3,2,0
s06_r3_t061,s06,3,16,4000,-62.3,2,2,1
s06_r3_t062,s06,3,7,1000,-49.4,1,2,0
s06_r3_t063,s06,3,13,4000,-38.6,2,1,1
s06_r4_t064,s06,4,2,1000,-9.9,1,2,2
s06_r4_t065,s06,4,16,4000,-62.3,2,2,1
s06_r4_t066,s06,4,9,4000,0.9,2,2,2
s06_r4_t067,s06,4,10,4000,-14.9,2,2,2
s06_r4_t068,s06,4,19,20000,-6.1,3,1,0
s06_r4_t069,s06,4,14,4000,-46.5,2,0,0
s06_r4_t070,s06,4,19,20000,-6.1,3,2,0
s06_r4_t071,s06,4,15,4000,-54.4,2,2,2
s06_r4_t072,s06,4,3,1000,-17.8,1,2,2
s06_r4_t073,s06,4,6,1000,-41.5,1,0,0
s06_r4_t074,s06,4,3,1000,-17.8,1,0,0
s06_r4_t075,s06,4,19,20000,-6.1,3,1,0
s06_r4_t076,s06,4,10,4000,-14.9,2,2,2
s06_r4_t077,s06,4,2,1000,-9.9,1,0,0
s06_r4_t078,s06,4,13,4000,-38.6,2,2,2
s06_r4_t079,s06,4,17,16000,-6.1,3,0,0
s06_r5_t080,s06,5,12,4000,-30.7,2,2,2
s06_r5_t081,s06,5,15,4000,-54.4,2,0,0
s06_r5_t082,s06,5,5,1000,-33.6,1,0,0
s06_r5_t083,s06,5,6,1000,-41.5,1,2,2
s06_r5_t084,s06,5,3,1000,-17.8,1,1,1
s06_r5_t085,s06,5,17,16000,-6.1,3,1,0
s06_r5_t086,s06,5,19,20000,-6.1,3,2,0
s06_r5_t087,s06,5,11,4000,-22.8,2,1,1
s06_r5_t088,s06,5,19,20000,-6.1,3,0,0
s06_r5_t089,s06,5,5,1000,-33.6,1,0,0
s06_r5_t090,s06,5,12,4000,-30.7,2,0,0
s06_r5_t091,s06,5,18,18000,-6.1,3,1,0
s06_r5_t092,s06,5,18,18000,-6.1,3,0,0
s06_r5_t093,s06,5,9,4000,0.9,2,0,0
s06_r5_t094,s06,5,11,4000,-22.8,2,2,2
s07_r0_t000,s07,0,7,1000,-49.4,1,0,0
s07_r0_t001,s07,0,4,1000,-25.7,1,2,2
s07_r0_t002,s07,0,17,16000,-6.1,3,2,0
s07_r0_t003,s07,0,18,18000,-6.1,3,2,0
s07_r0_t004,s07,0,2,1000,-9.9,1,0,0
s07_r0_t005,s07,0,7,1000,-49.4,1,1,0
s07_r0_t006,s07,0,11,4000,-22.8,2,2,2
s07_r0_t007,s07,0,16,4000,-62.3,2,2,0
s07_r0_t008,s07,0,15,4000,-54.4,2,0,0
s07_r0_t009,s07,0,19,20000,-6.1,3,2,0
s07_r0_t010,s07,0,11,4000,-22.8,2,1,1
s07_r0_t011,s07,0,13,4000,-38.6,2,0,0
s07_r0_t012,s07,0,15,4000,-54.4,2,2,2
s07_r0_t013,s07,0,14,4000,-46.5,2,2,1
s07_r0_t014,s07,0,13,4000,-38.6,2,0,0
s07_r0_t015,s07,0,11,4000,-22.8,2,0,0
s07_r1_t016,s07,1,16,4000,-62.3,2,2,1
s07_r1_t017,s07,1,8,1000,-57.3,1,1,0
s07_r1_t018,s07,1,6,1000,-41.5,1,0,0
s07_r1_t019,s07,1,9,4000,0.9,2,0,0
s07_r1_t020,s07,1,5,1000,-33.6,1,2,2
s07_r1_t021,s07,1,16,4000,-62.3,2,1,1
s07_r1_t022,s07,1,12,4000,-30.7,2,0,0
s07_r1_t023,s07,1,5,1000,-33.6,1,0,0
s07_r1_t024,s07,1,6,1000,-41.5,1,1,0
s07_r1_t025,s07,1,4,1000,-25.7,1,1,1
s07_r1_t026,s07,1,12,4000,-30.7,2,2,2
s07_r1_t027,s07,1,9,4000,0.9,2,1,0
s07_r1_t028,s07,1,2,1000,-9.9,1,0,0
s07_r1_t029,s07,1,7,1000,-49.4,1,2,1
s07_r1_t030,s07,1,12,4000,-30.7,2,0,0
s07_r1_t031,s07,1,8,1000,-57.3,1,2,0
s07_r2_t032,s07,2,15,4000,-54.4,2,1,0
s07_r2_t033,s07,2,9,4000,0.9,2,0,0
s07_r2_t034,s07,2,11,4000,-22.8,2,1,1
s07_r2_t035,s07,2,10,4000,-14.9,2,1,1
s07_r2_t036,s07,2,1,1000,5.9,1,2,2
s07_r2_t037,s07,2,19,20000,-6.1,3,1,0
s07_r2_t038,s07,2,14,4000,-46.5,2,2,2
s07_r2_t039,s07,2,5,1000,-33.6,1,2,2
s07_r2_t040,s07,2,1,1000,5.9,1,0,0
s07_r2_t041,s07,2,14,4000,-46.5,2,0,0
s07_r2_t042,s07,2,4,1000,-25.7,1,2,2
s07_r2_t043,s07,2,3,1000,-17.8,1,2,2
s07_r2_t044,s07,2,3,1000,-17.8,1,0,0
s07_r2_t045,s07,2,18,18000,-6.1,3,0,0
s07_r2_t046,s07,2,16,4000,-62.3,2,0,0
s07_r2_t047,s07,2,17,16000,-6.1,3,2,0
s07_r3_t048,s07,3,19,20000,-6.1,3,2,0
s07_r3_t049,s07,3,5,1000,-33.6,1,1,1
s07_r3_t050,s07,3,18,18000,-6.1,3,1,0
s07_r3_t051,s07,3,17,16000,-6.1,3,1,0
s07_r3_t052,s07,3,2,1000,-9.9,1,1,1
s07_r3_t053,s07,3,6,1000,-41.5,1,2,2
s07_r3_t054,s07,3,13,4000,-38.6,2,0,0
s07_r3_t055,s07,3,17,16000,-6.1,3,0,0
s07_r3_t056,s07,3,1,1000,5.9,1,0,0
s07_r3_t057,s07,3,4,1000,-25.7,1,0,0
s07_r3_t058,s07,3,4,1000,-25.7,1,0,0
s07_r3_t059,s07,3,7,1000,-49.4,1,0,0
s07_r3_t060,s07,3,8,1000,-57.3,1,0,0
s07_r3_t061,s07,3,6,1000,-41.5,1,0,0
s07_r3_t062,s07,3,5,1000,-33.6,1,0,0
s07_r3_t063,s07,3,8,1000,-57.3,1,1,0
s07_r4_t064,s07,4,1,1000,5.9,1,2,2
s07_r4_t065,s07,4,3,1000,-17.8,1,1,1
s07_r4_t066,s07,4,15,4000,-54.4,2,0,0
s07_r4_t067,s07,4,12,4000,-30.7,2,0,0
s07_r4_t068,s07,4,13,4000,-38.6,2,2,2
s07_r4_t069,s07,4,10,4000,-14.9,2,2,2
s07_r4_t070,s07,4,7,1000,-49.4,1,2,0
s07_r4_t071,s07,4,19,20000,-6.1,3,0,0
s07_r4_t072,s07,4,11,4000,-22.8,2,2,2
s07_r4_t073,s07,4,18,18000,-6.1,3,2,0
s07_r4_t074,s07,4,2,1000,-9.9,1,2,2
s07_r4_t075,s07,4,1,1000,5.9,1,0,0
s07_r4_t076,s07,4,2,1000,-9.9,1,2,2
s07_r4_t077,s07,4,10,4000,-14.9,2,1,0
s07_r4_t078,s07,4,16,4000,-62.3,2,1,0
s07_r4_t079,s07,4,9,4000,0.9,2,2,2
s07_r5_t080,s07,5,9,4000,0.9,2,2,2
s07_r5_t081,s07,5,19,20000,-6.1,3,0,0
s07_r5_t082,s07,5,12,4000,-30.7,2,2,2
s07_r5_t083,s07,5,13,4000,-38.6,2,2,2
s07_r5_t084,s07,5,14,4000,-46.5,2,0,0
s07_r5_t085,s07,5,17,16000,-6.1,3,0,0
s07_r5_t086,s07,5,3,1000,-17.8,1,2,2
s07_r5_t087,s07,5,8,1000,-57.3,1,2,0
s07_r5_t088,s07,5,18,18000,-6.1,3,0,0
s07_r5_t089,s07,5,6,1000,-41.5,1,2,2
s07_r5_t090,s07,5,14,4000,-46.5,2,1,1
s07_r5_t091,s07,5,10,4000,-14.9,2,0,0
s07_r5_t092,s07,5,3,1000,-17.8,1,0,0
s07_r5_t093,s07,5,10,4000,-14.9,2,2,2
s07_r5_t094,s07,5,15,4000,-54.4,2,2,2
s08_r0_t000,s08,0,6,1000,-41.5,1,1,0
s08_r0_t001,s08,0,1,1000,5.9,1,1,1
s08_r0_t002,s08,0,16,4000,-62.3,2,1,0
s08_r0_t003,s08,0,10,4000,-14.9,2,0,0
s08_r0_t004,s08,0,4,1000,-25.7,1,0,0
s08_r0_t005,s08,0,16,4000,-62.3,2,2,0
s08_r0_t006,s08,0,7,1000,-49.4,1,2,0
s08_r0_t007,s08,0,7,1000,-49.4,1,2,0
s08_r0_t008,s08,0,15,4000,-54.4,2,2,0
s08_r0_t009,s08,0,9,4000,0.9,2,2,2
s08_r0_t010,s08,0,9,4000,0.9,2,0,0
s08_r0_t011,s08,0,7,1000,-49.4,1,0,0
s08_r0_t012,s08,0,5,1000,-33.6,1,1,0
s08_r0_t013,s08,0,12,4000,-30.7,2,1,1
s08_r0_t014,s08,0,2,1000,-9.9,1,2,2
s08_r0_t015,s08,0,17,16000,-6.1,3,2,0
s08_r1_t016,s08,1,13,4000,-38.6,2,1,1
s08_r1_t017,s08,1,8,1000,-57.3,1,2,0
s08_r1_t018,s08,1,3,1000,-17.8,1,1,1
s08_r1_t019,s08,1,19,20000,-6.1,3,2,0
s08_r1_t020,s08,1,10,4000,-14.9,2,1,1
s08_r1_t021,s08,1,15,4000,-54.4,2,2,2
s08_r1_t022,s08,1,4,1000,-25.7,1,2,2
s08_r1_t023,s08,1,5,1000,-33.6,1,1,1
s08_r1_t024,s08,1,11,4000,-22.8,2,2,2
s08_r1_t025,s08,1,3,1000,-17.8,1,2,2
s08_r1_t026,s08,1,16,4000,-62.3,2,2,2
s08_r1_t027,s08,1,6,1000,-41.5,1,1,1
s08_r1_t028,s08,1,6,1000,-41.5,1,0,0
s08_r1_t029,s08,1,7,1000,-49.4,1,1,1
s08_r1_t030,s08,1,9,4000,0.9,2,1,1
s08_r1_t031,s08,1,17,16000,-6.1,3,1,0
s08_r2_t032,s08,2,3,1000,-17.8,1,0,0
s08_r2_t033,s08,2,11,4000,-22.8,2,0,0
s08_r2_t034,s08,2,8,1000,-57.3,1,1,0
s08_r2_t035,s08,2,13,4000,-38.6,2,1,1
s08_r2_t036,s08,2,17,16000,-6.1,3,1,0
s08_r2_t037,s08,2,15,4000,-54.4,2,1,1
s08_r2_t038,s08,2,14,4000,-46.5,2,1,1
s08_r2_t039,s08,2,10,4000,-14.9,2,2,2
s08_r2_t040,s08,2,15,4000,-54.4,2,0,0
s08_r2_t041,s08,2,13,4000,-38.6,2,0,0
s08_r2_t042,s08,2,17,16000,-6.1,3,0,0
s08_r2_t043,s08,2,14,4000,-46.5,2,2,2
s08_r2_t044,s08,2,2,1000,-9.9,1,1,1
s08_r2_t045,s08,2,18,18000,-6.1,3,2,0
s08_r2_t046,s08,2,19,20000,-6.1,3,0,0
s08_r2_t047,s08,2,14,4000,-46.5,2,2,2
s08_r3_t048,s08,3,18,18000,-6.1,3,0,0
s08_r3_t049,s08,3,2,1000,-9.9,1,2,1
s08_r3_t050,s08,3,17,16000,-6.1,3,2,0
s08_r3_t051,s08,3,5,1000,-33.6,1,0,0
s08_r3_t052,s08,3,6,1000,-41.5,1,2,2
s08_r3_t053,s08,3,8,1000,-57.3,1,2,0
s08_r3_t054,s08,3,9,4000,0.9,2,1,1
s08_r3_t055,s08,3,4,1000,-25.7,1,2,1
s08_r3_t056,s08,3,18,18000,-6.1,3,1,0
s08_r3_t057,s08,3,12,4000,-30.7,2,1,1
s08_r3_t058,s08,3,11,4000,-22.8,2,2,2
s08_r3_t059,s08,3,1,1000,5.9,1,1,1
s08_r3_t060,s08,3,14,4000,-46.5,2,0,0
s08_r3_t061,s08,3,2,1000,-9.9,1,0,0
s08_r3_t062,s08,3,3,1000,-17.8,1,2,2
s08_r3_t063,s08,3,5,1000,-33.6,1,2,0
s08_r4_t064,s08,4,13,4000,-38.6,2,2,2
s08_r4_t065,s08,4,3,1000,-17.8,1,1,1
s08_r4_t066,s08,4,6,1000,-41.5,1,2,2
s08_r4_t067,s08,4,16,4000,-62.3,2,1,1
s08_r4_t068,s08,4,7,1000,-49.4,1,1,1
s08_r4_t069,s08,4,12,4000,-30.7,2,0,0
s08_r4_t070,s08,4,8,1000,-57.3,1,1,1
s08_r4_t071,s08,4,4,1000,-25.7,1,1,1
s08_r4_t072,s08,4,19,20000,-6.1,3,1,0
s08_r4_t073,s08,4,8,1000,-57.3,1,0,0
s08_r4_t074,s08,4,5,1000,-33.6,1,2,2
s08_r4_t075,s08,4,1,1000,5.9,1,2,2
s08_r4_t076,s08,4,2,1000,-9.9,1,1,1
s08_r4_t077,s08,4,1,1000,5.9,1,0,0
s08_r4_t078,s08,4,11,4000,-22.8,2,1,1
s08_r4_t079,s08,4,1,1000,5.9,1,2,2
s08_r5_t080,s08,5,12,4000,-30.7,2,2,2
s08_r5_t081,s08,5,14,4000,-46.5,2,1,1
s08_r5_t082,s08,5,4,1000,-25.7,1,1,1
s08_r5_t083,s08,5,19,20000,-6.1,3,2,0
s08_r5_t084,s08,5,12,4000,-30.7,2,2,2
s08_r5_t085,s08,5,16,4000,-62.3,2,0,0
s08_r5_t086,s08,5,11,4000,-22.8,2,1,1
s08_r5_t087,s08,5,9,4000,0.9,2,2,2
s08_r5_t088,s08,5,19,20000,-6.1,3,1,0
s08_r5_t089,s08,5,18,18000,-6.1,3,2,0
s08_r5_t090,s08,5,10,4000,-14.9,2,1,1
s08_r5_t091,s08,5,13,4000,-38.6,2,2,0
s08_r5_t092,s08,5,18,18000,-6.1,3,1,0
s08_r5_t093,s08,5,15,4000,-54.4,2,1,1
s08_r5_t094,s08,5,10,4000,-14.9,2,2,2
s09_r0_t000,s09,0,6,1000,-41.5,1,2,0
s09_r0_t001,s09,0,3,1000,-17.8,1,2,2
s09_r0_t002,s09,0,14,4000,-46.5,2,2,2
s09_r0_t003,s09,0,17,16000,-6.1,3,2,0
s09_r0_t004,s09,0,16,4000,-62.3,2,1,0
s09_r0_t005,s09,0,17,16000,-6.1,3,2,0
s09_r0_t006,s09,0,1,1000,5.9,1,1,1
s09_r0_t007,s09,0,11,4000,-22.8,2,1,1
s09_r0_t008,s09,0,9,4000,0.9,2,2,2
s09_r0_t009,s09,0,7,1000,-49.4,1,1,1
s09_r0_t010,s09,0,7,1000,-49.4,1,1,0
s09_r0_t011,s09,0,13,4000,-38.6,2,2,2
s09_r0_t012,s09,0,16,4000,-62.3,2,2,2
s09_r0_t013,s09,0,10,4000,-14.9,2,2,2
s09_r0_t014,s09,0,18,18000,-6.1,3,0,0
s09_r0_t015,s09,0,9,4000,0.9,2,1,1
s09_r1_t016,s09,1,2,1000,-9.9,1,2,2
s09_r1_t017,s09,1,3,1000,-17.8,1,0,0
s09_r1_t018,s09,1,11,4000,-22.8,2,1,1
s09_r1_t019,s09,1,16,4000,-62.3,2,2,2
s09_r1_t020,s09,1,8,1000,-57.3,1,0,0
s09_r1_t021,s09,1,10,4000,-14.9,2,1,0
s09_r1_t022,s09,1,8,1000,-57.3,1,1,0
s09_r1_t023,s09,1,18,18000,-6.1,3,1,0
s09_r1_t024,s09,1,18,18000,-6.1,3,2,0
s09_r1_t025,s09,1,9,4000,0.9,2,0,0
s09_r1_t026,s09,1,2,1000,-9.9,1,2,2
s09_r1_t027,s09,1,15,4000,-54.4,2,1,1
s09_r1_t028,s09,1,2,1000,-9.9,1,0,0
s09_r1_t029,s09,1,13,4000,-38.6,2,2,2
s09_r1_t030,s09,1,5,1000,-33.6,1,0,0
s09_r1_t031,s09,1,11,4000,-22.8,2,2,2
s09_r2_t032,s09,2,2,1000,-9.9,1,1,1
s09_r2_t033,s09,2,12,4000,-30.7,2,2,2
s09_r2_t034,s09,2,11,4000,-22.8,2,2,2
s09_r2_t035,s09,2,3,1000,-17.8,1,1,1
s09_r2_t036,s09,2,10,4000,-14.9,2,0,0
s09_r2_t037,s09,2,16,4000,-62.3,2,0,0
s09_r2_t038,s09,2,4,1000,-25.7,1,2,2
s09_r2_t039,s09,2,13,4000,-38.6,2,1,1
s09_r2_t040,s09,2,16,4000,-62.3,2,1,1
s09_r2_t041,s09,2,12,4000,-30.7,2,2,2
s09_r2_t042,s09,2,1,1000,5.9,1,2,2
s09_r2_t043,s09,2,8,1000,-57.3,1,2,0
s09_r2_t044,s09,2,15,4000,-54.4,2,2,2
s09_r2_t045,s09,2,12,4000,-30.7,2,0,0
s09_r2_t046,s09,2,18,18000,-6.1,3,1,0
s09_r2_t047,s09,2,7,1000,-49.4,1,2,2
s09_r3_t048,s09,3,5,1000,-33.6,1,2,2
s09_r3_t049,s09,3,5,1000,-33.6,1,2,2
s09_r3_t050,s09,3,2,1000,-9.9,1,1,1
s09_r3_t051,s09,3,9,4000,0.9,2,2,2
s09_r3_t052,s09,3,17,16000,-6.1,3,1,0
s09_r3_t053,s09,3,10,4000,-14.9,2,2,2
s09_r3_t054,s09,3,6,1000,-41.5,1,1,1
s09_r3_t055,s09,3,17,16000,-6.1,3,0,0
s09_r3_t056,s09,3,15,4000,-54.4,2,2,2
s09_r3_t057,s09,3,1,1000,5.9,1,1,1
s09_r3_t058,s09,3,12,4000,-30.7,2,1,1
s09_r3_t059,s09,3,17,16000,-6.1,3,1,0
s09_r3_t060,s09,3,14,4000,-46.5,2,1,1
s09_r3_t061,s09,3,1,1000,5.9,1,2,2
s09_r3_t062,s09,3,5,1000,-33.6,1,1,1
s09_r3_t063,s09,3,14,4000,-46.5,2,1,1
s09_r4_t064,s09,4,6,1000,-41.5,1,2,2
s09_r4_t065,s09,4,19,20000,-6.1,3,2,0
s09_r4_t066,s09,4,7,1000,-49.4,1,2,1
s09_r4_t067,s09,4,4,1000,-25.7,1,0,0
s09_r4_t068,s09,4,7,1000,-49.4,1,0,0
s09_r4_t069,s09,4,1,1000,5.9,1,0,0
s09_r4_t070,s09,4,8,1000,-57.3,1,2,0
s09_r4_t071,s09,4,15,4000,-54.4,2,0,0
s09_r4_t072,s09,4,19,20000,-6.1,3,0,0
s09_r4_t073,s09,4,3,1000,-17.8,1,2,2
s09_r4_t074,s09,4,6,1000,-41.5,1,0,0
s09_r4_t075,s09,4,6,1000,-41.5,1,1,1
s09_r4_t076,s09,4,18,18000,-6.1,3,2,0
s09_r4_t077,s09,4,12,4000,-30.7,2,1,1
s09_r4_t078,s09,4,19,20000,-6.1,3,1,0
s09_r4_t079,s09,4,4,1000,-25.7,1,1,1
s09_r5_t080,s09,5,8,1000,-57.3,1,1,1
s09_r5_t081,s09,5,4,1000,-25.7,1,2,2
s09_r5_t082,s09,5,10,4000,-14.9,2,1,1
s09_r5_t083,s09,5,15,4000,-54.4,2,1,1
s09_r5_t084,s09,5,19,20000,-6.1,3,2,0
s09_r5_t085,s09,5,11,4000,-22.8,2,0,0
s09_r5_t086,s09,5,13,4000,-38.6,2,1,1
s09_r5_t087,s09,5,13,4000,-38.6,2,0,0
s09_r5_t088,s09,5,3,1000,-17.8,1,1,1
s09_r5_t089,s09,5,14,4000,-46.5,2,2,2
s09_r5_t090,s09,5,5,1000,-33.6,1,1,1
s09_r5_t091,s09,5,14,4000,-46.5,2,0,0
s09_r5_t092,s09,5,4,1000,-25.7,1,1,1
s09_r5_t093,s09,5,19,20000,-6.1,3,1,0
s09_r5_t094,s09,5,9,4000,0.9,2,1,1
s10_r0_t000,s10,0,1,1000,5.9,1,1,0
s10_r0_t001,s10,0,19,20000,-6.1,3,2,0
s10_r0_t002,s10,0,10,4000,-14.9,2,1,1
s10_r0_t003,s10,0,2,1000,-9.9,1,1,1
s10_r0_t004,s10,0,4,1000,-25.7,1,1,0
s10_r0_t005,s10,0,12,4000,-30.7,2,1,1
s10_r0_t006,s10,0,9,4000,0.9,2,1,1
s10_r0_t007,s10,0,3,1000,-17.8,1,1,1
s10_r0_t008,s10,0,3,1000,-17.8,1,2,2
s10_r0_t009,s10,0,17,16000,-6.1,3,1,0
s10_r0_t010,s10,0,19,20000,-6.1,3,1,0
s10_r0_t011,s10,0,6,1000,-41.5,1,1,1
s10_r0_t012,s10,0,16,4000,-62.3,2,1,0
s10_r0_t013,s10,0,6,1000,-41.5,1,2,1
s10_r0_t014,s10,0,15,4000,-54.4,2,0,0
s10_r0_t015,s10,0,10,4000,-14.9,2,2,2
s10_r1_t016,s10,1,10,4000,-14.9,2,0,0
s10_r1_t017,s10,1,16,4000,-62.3,2,0,0
s10_r1_t018,s10,1,8,1000,-57.3,1,2,0
s10_r1_t019,s10,1,2,1000,-9.9,1,2,2
s10_r1_t020,s10,1,2,1000,-9.9,1,1,1
s10_r1_t021,s10,1,1,1000,5.9,1,1,1
s10_r1_t022,s10,1,17,16000,-6.1,3,0,0
s10_r1_t023,s10,1,7,1000,-49.4,1,0,0
s10_r1_t024,s10,1,6,1000,-41.5,1,1,0
s10_r1_t025,s10,1,18,18000,-6.1,3,1,0
s10_r1_t026,s10,1,11,4000,-22.8,2,2,2
s10_r1_t027,s10,1,3,1000,-17.8,1,0,0
s10_r1_t028,s10,1,17,16000,-6.1,3,1,0
s10_r1_t029,s10,1,7,1000,-49.4,1,1,0
s10_r1_t030,s10,1,5,1000,-33.6,1,2,2
s10_r1_t031,s10,1,2,1000,-9.9,1,0,0
s10_r2_t032,s10,2,19,20000,-6.1,3,0,0
s10_r2_t033,s10,2,1,1000,5.9,1,2,2
s10_r2_t034,s10,2,13,4000,-38.6,2,2,2
s10_r2_t035,s10,2,8,1000,-57.3,1,1,0
s10_r2_t036,s10,2,12,4000,-30.7,2,0,0
s10_r2_t037,s10,2,3,1000,-17.8,1,1,1
s10_r2_t038,s10,2,11,4000,-22.8,2,1,1
s10_r2_t039,s10,2,9,4000,0.9,2,0,0
s10_r2_t040,s10,2,14,4000,-46.5,2,0,0
s10_r2_t041,s10,2,10,4000,-14.9,2,2,1
s10_r2_t042,s10,2,5,1000,-33.6,1,2,2
s10_r2_t043,s10,2,13,4000,-38.6,2,0,0
s10_r2_t044,s10,2,14,4000,-46.5,2,2,2
s10_r2_t045,s10,2,18,18000,-6.1,3,0,0
s10_r2_t046,s10,2,9,4000,0.9,2,2,2
s10_r2_t047,s10,2,19,20000,-6.1,3,1,0
s10_r3_t048,s10,3,15,4000,-54.4,2,2,2
s10_r3_t049,s10,3,10,4000,-14.9,2,1,1
s10_r3_t050,s10,3,1,1000,5.9,1,0,0
s10_r3_t051,s10,3,4,1000,-25.7,1,2,1
s10_r3_t052,s10,3,8,1000,-57.3,1,2,0
s10_r3_t053,s10,3,14,4000,-46.5,2,2,2
s10_r3_t054,s10,3,5,1000,-33.6,1,1,1
s10_r3_t055,s10,3,15,4000,-54.4,2,1,1
s10_r3_t056,s10,3,18,18000,-6.1,3,2,0
s10_r3_t057,s10,3,12,4000,-30.7,2,2,2
s10_r3_t058,s10,3,14,4000,-46.5,2,1,1
s10_r3_t059,s10,3,1,1000,5.9,1,2,2
s10_r3_t060,s10,3,12,4000,-30.7,2,1,1
s10_r3_t061,s10,3,15,4000,-54.4,2,1,0
s10_r3_t062,s10,3,18,18000,-6.1,3,2,0
s10_r3_t063,s10,3,17,16000,-6.1,3,2,0
s10_r4_t064,s10,4,11,4000,-22.8,2,0,0
s10_r4_t065,s10,4,6,1000,-41.5,1,2,0
s10_r4_t066,s10,4,19,20000,-6.1,3,2,0
s10_r4_t067,s10,4,3,1000,-17.8,1,2,2
s10_r4_t068,s10,4,9,4000,0.9,2,1,1
s10_r4_t069,s10,4,15,4000,-54.4,2,2,0
s10_r4_t070,s10,4,6,1000,-41.5,1,0,0
s10_r4_t071,s10,4,13,4000,-38.6,2,2,2
s10_r4_t072,s10,4,5,1000,-33.6,1,0,0
s10_r4_t073,s10,4,11,4000,-22.8,2,1,1
s10_r4_t074,s10,4,12,4000,-30.7,2,2,2
s10_r4_t075,s10,4,8,1000,-57.3,1,1,0
s10_r4_t076,s10,4,18,18000,-6.1,3,1,0
s10_r4_t077,s10,4,7,1000,-49.4,1,2,0
s10_r4_t078,s10,4,16,4000,-62.3,2,1,0
s10_r4_t079,s10,4,13,4000,-38.6,2,1,1
s10_r5_t080,s10,5,4,1000,-25.7,1,1,0
s10_r5_t081,s10,5,2,1000,-9.9,1,2,2
s10_r5_t082,s10,5,7,1000,-49.4,1,2,0
s10_r5_t083,s10,5,5,1000,-33.6,1,1,1
s10_r5_t084,s10,5,9,4000,0.9,2,2,2
s10_r5_t085,s10,5,4,1000,-25.7,1,2,2
s10_r5_t086,s10,5,17,16000,-6.1,3,2,0
s10_r5_t087,s10,5,14,4000,-46.5,2,1,1
s10_r5_t088,s10,5,16,4000,-62.3,2,2,0
s10_r5_t089,s10,5,7,1000,-49.4,1,1,0
s10_r5_t090,s10,5,8,1000,-57.3,1,0,0
s10_r5_t091,s10,5,13,4000,-38.6,2,1,1
s10_r5_t092,s10,5,4,1000,-25.7,1,0,0
s10_r5_t093,s10,5,11,4000,-22.8,2,2,2
s10_r5_t094,s10,5,16,4000,-62.3,2,2,0
s11_r0_t000,s11,0,2,1000,-9.9,1,2,2
s11_r0_t001,s11,0,10,4000,-14.9,2,2,2
s11_r0_t002,s11,0,5,1000,-33.6,1,2,2
s11_r0_t003,s11,0,17,16000,-6.1,3,0,0
s11_r0_t004,s11,0,10,4000,-14.9,2,2,2
s11_r0_t005,s11,0,6,1000,-41.5,1,1,1
s11_r0_t006,s11,0,17,16000,-6.1,3,2,0
s11_r0_t007,s11,0,5,1000,-33.6,1,0,0
s11_r0_t008,s11,0,14,4000,-46.5,2,2,2
s11_r0_t009,s11,0,6,1000,-41.5,1,2,2
s11_r0_t010,s11,0,15,4000,-54.4,2,1,1
s11_r0_t011,s11,0,2,1000,-9.9,1,0,0
s11_r0_t012,s11,0,9,4000,0.9,2,1,1
s11_r0_t013,s11,0,13,4000,-38.6,2,1,1
s11_r0_t014,s11,0,17,16000,-6.1,3,2,0
s11_r0_t015,s11,0,11,4000,-22.8,2,0,0
s11_r1_t016,s11,1,6,1000,-41.5,1,1,1
s11_r1_t017,s11,1,13,4000,-38.6,2,2,2
s11_r1_t018,s11,1,19,20000,-6.1,3,2,0
s11_r1_t019,s11,1,12,4000,-30.7,2,1,1
s11_r1_t020,s11,1,6,1000,-41.5,1,2,2
s11_r1_t021,s11,1,4,1000,-25.7,1,0,0
s11_r1_t022,s11,1,18,18000,-6.1,3,0,0
s11_r1_t023,s11,1,8,1000,-57.3,1,0,0
s11_r1_t024,s11,1,8,1000,-57.3,1,1,1
s11_r1_t025,s11,1,16,4000,-62.3,2,1,0
s11_r1_t026,s11,1,9,4000,0.9,2,2,2
s11_r1_t027,s11,1,2,1000,-9.9,1,1,1
s11_r1_t028,s11,1,18,18000,-6.1,3,1,0
s11_r1_t029,s11,1,17,16000,-6.1,3,1,0
s11_r1_t030,s11,1,1,1000,5.9,1,1,1
s11_r1_t031,s11,1,10,4000,-14.9,2,0,0
s11_r2_t032,s11,2,1,1000,5.9,1,1,1
s11_r2_t033,s11,2,14,4000,-46.5,2,2,2
s11_r2_t034,s11,2,8,1000,-57.3,1,2,2
s11_r2_t035,s11,2,19,20000,-6.1,3,0,0
s11_r2_t036,s11,2,11,4000,-22.8,2,2,2
s11_r2_t037,s11,2,5,1000,-33.6,1,2,2
s11_r2_t038,s11,2,4,1000,-25.7,1,2,2
s11_r2_t039,s11,2,14,4000,-46.5,2,0,0
s11_r2_t040,s11,2,8,1000,-57.3,1,1,1
s11_r2_t041,s11,2,11,4000,-22.8,2,2,2
s11_r2_t042,s11,2,16,4000,-62.3,2,2,1
s11_r2_t043,s11,2,18,18000,-6.1,3,1,0
s11_r2_t044,s11,2,3,1000,-17.8,1,2,2
s11_r2_t045,s11,2,7,1000,-49.4,1,1,1
s11_r2_t046,s11,2,1,1000,5.9,1,2,2
s11_r2_t047,s11,2,9,4000,0.9,2,0,0
s11_r3_t048,s11,3,19,20000,-6.1,3,1,0
s11_r3_t049,s11,3,15,4000,-54.4,2,2,2
s11_r3_t050,s11,3,14,4000,-46.5,2,1,1
s11_r3_t051,s11,3,3,1000,-17.8,1,0,0
s11_r3_t052,s11,3,12,4000,-30.7,2,2,2
s11_r3_t053,s11,3,12,4000,-30.7,2,2,2
s11_r3_t054,s11,3,7,1000,-49.4,1,2,1
s11_r3_t055,s11,3,19,20000,-6.1,3,1,0
s11_r3_t056,s11,3,4,1000,-25.7,1,1,1
s11_r3_t057,s11,3,18,18000,-6.1,3,2,0
s11_r3_t058,s11,3,1,1000,5.9,1,2,2
s11_r3_t059,s11,3,5,1000,-33.6,1,1,1
s11_r3_t060,s11,3,7,1000,-49.4,1,0,0
s11_r3_t061,s11,3,12,4000,-30.7,2,1,1
s11_r3_t062,s11,3,17,16000,-6.1,3,1,0
s11_r3_t063,s11,3,19,20000,-6.1,3,2,0
s11_r4_t064,s11,4,7,1000,-49.4,1,2,2
s11_r4_t065,s11,4,13,4000,-38.6,2,2,2
s11_r4_t066,s11,4,11,4000,-22.8,2,1,1
s11_r4_t067,s11,4,7,1000,-49.4,1,1,1
s11_r4_t068,s11,4,5,1000,-33.6,1,1,1
s11_r4_t069,s11,4,16,4000,-62.3,2,1,0
s11_r4_t070,s11,4,9,4000,0.9,2,2,2
s11_r4_t071,s11,4,2,1000,-9.9,1,2,2
s11_r4_t072,s11,4,15,4000,-54.4,2,0,0
s11_r4_t073,s11,4,1,1000,5.9,1,0,0
s11_r4_t074,s11,4,13,4000,-38.6,2,1,1
s11_r4_t075,s11,4,3,1000,-17.8,1,1,1
s11_r4_t076,s11,4,16,4000,-62.3,2,2,0
s11_r4_t077,s11,4,12,4000,-30.7,2,0,0
s11_r4_t078,s11,4,4,1000,-25.7,1,2,2
s11_r4_t079,s11,4,10,4000,-14.9,2,1,1
s11_r5_t080,s11,5,8,1000,-57.3,1,2,2
s11_r5_t081,s11,5,3,1000,-17.8,1,2,2
s11_r5_t082,s11,5,14,4000,-46.5,2,1,1
s11_r5_t083,s11,5,13,4000,-38.6,2,0,0
s11_r5_t084,s11,5,15,4000,-54.4,2,1,1
s11_r5_t085,s11,5,16,4000,-62.3,2,0,0
s11_r5_t086,s11,5,18,18000,-6.1,3,2,0
s11_r5_t087,s11,5,9,4000,0.9,2,1,1
s11_r5_t088,s11,5,6,1000,-41.5,1,0,0
s11_r5_t089,s11,5,3,1000,-17.8,1,1,1
s11_r5_t090,s11,5,10,4000,-14.9,2,1,1
s11_r5_t091,s11,5,15,4000,-54.4,2,2,2
s11_r5_t092,s11,5,2,1000,-9.9,1,1,1
s11_r5_t093,s11,5,4,1000,-25.7,1,1,1
s11_r5_t094,s11,5,11,4000,-22.8,2,1,1
s12_r0_t000,s12,0,19,20000,-6.1,3,0,0
s12_r0_t001,s12,0,12,4000,-30.7,2,0,0
s12_r0_t002,s12,0,2,1000,-9.9,1,0,0
s12_r0_t003,s12,0,16,4000,-62.3,2,2,0
s12_r0_t004,s12,0,1,1000,5.9,1,0,0
s12_r0_t005,s12,0,12,4000,-30.7,2,1,1
s12_r0_t006,s12,0,18,18000,-6.1,3,1,0
s12_r0_t007,s12,0,1,1000,5.9,1,2,2
s12_r0_t008,s12,0,15,4000,-54.4,2,0,0
s12_r0_t009,s12,0,14,4000,-46.5,2,0,0
s12_r0_t010,s12,0,7,1000,-49.4,1,2,0
s12_r0_t011,s12,0,5,1000,-33.6,1,0,0
s12_r0_t012,s12,0,10,4000,-14.9,2,0,0
s12_r0_t013,s12,0,4,1000,-25.7,1,0,0
s12_r0_t014,s12,0,15,4000,-54.4,2,0,0
s12_r0_t015,s12,0,18,18000,-6.1,3,2,0
s12_r1_t016,s12,1,13,4000,-38.6,2,1,1
s12_r1_t017,s12,1,12,4000,-30.7,2,0,0
s12_r1_t018,s12,1,16,4000,-62.3,2,0,0
s12_r1_t019,s12,1,11,4000,-22.8,2,0,0
s12_r1_t020,s12,1,10,4000,-14.9,2,1,1
s12_r1_t021,s12,1,16,4000,-62.3,2,2,2
s12_r1_t022,s12,1,13,4000,-38.6,2,2,2
s12_r1_t023,s12,1,1,1000,5.9,1,0,0
s12_r1_t024,s12,1,9,4000,0.9,2,0,0
s12_r1_t025,s12,1,4,1000,-25.7,1,2,2
s12_r1_t026,s12,1,5,1000,-33.6,1,2,2
s12_r1_t027,s12,1,6,1000,-41.5,1,1,1
s12_r1_t028,s12,1,18,18000,-6.1,3,1,0
s12_r1_t029,s12,1,10,4000,-14.9,2,1,1
s12_r1_t030,s12,1,12,4000,-30.7,2,2,2
s12_r1_t031,s12,1,7,1000,-49.4,1,0,0
s12_r2_t032,s12,2,15,4000,-54.4,2,0,0
s12_r2_t033,s12,2,7,1000,-49.4,1,0,0
s12_r2_t034,s12,2,7,1000,-49.4,1,2,2
s12_r2_t035,s12,2,9,4000,0.9,2,1,0
s12_r2_t036,s12,2,15,4000,-54.4,2,2,2
s12_r2_t037,s12,2,3,1000,-17.8,1,2,2
s12_r2_t038,s12,2,2,1000,-9.9,1,0,0
s12_r2_t039,s12,2,16,4000,-62.3,2,0,0
s12_r2_t040,s12,2,18,18000,-6.1,3,2,0
s12_r2_t041,s12,2,8,1000,-57.3,1,2,0
s12_r2_t042,s12,2,8,1000,-57.3,1,0,0
s12_r2_t043,s12,2,12,4000,-30.7,2,2,2
s12_r2_t044,s12,2,2,1000,-9.9,1,1,1
s12_r2_t045,s12,2,17,16000,-6.1,3,2,0
s12_r2_t046,s12,2,7,1000,-49.4,1,1,1
s12_r2_t047,s12,2,19,20000,-6.1,3,2,0
s12_r3_t048,s12,3,15,4000,-54.4,2,2,2
s12_r3_t049,s12,3,11,4000,-22.8,2,2,2
s12_r3_t050,s12,3,17,16000,-6.1,3,2,0
s12_r3_t051,s12,3,3,1000,-17.8,1,0,0
s12_r3_t052,s12,3,17,16000,-6.1,3,1,0
s12_r3_t053,s12,3,10,4000,-14.9,2,2,2
s12_r3_t054,s12,3,1,1000,5.9,1,2,2
s12_r3_t055,s12,3,9,4000,0.9,2,2,2
s12_r3_t056,s12,3,6,1000,-41.5,1,0,0
s12_r3_t057,s12,3,6,1000,-41.5,1,2,0
s12_r3_t058,s12,3,2,1000,-9.9,1,2,2
s12_r3_t059,s12,3,17,16000,-6.1,3,0,0
s12_r3_t060,s12,3,8,1000,-57.3,1,0,0
s12_r3_t061,s12,3,13,4000,-38.6,2,0,0
s12_r3_t062,s12,3,19,20000,-6.1,3,2,0
s12_r3_t063,s12,3,8,1000,-57.3,1,0,0
s12_r4_t064,s12,4,6,1000,-41.5,1,0,0
s12_r4_t065,s12,4,4,1000,-25.7,1,2,2
s12_r4_t066,s12,4,5,1000,-33.6,1,1,1
s12_r4_t067,s12,4,19,20000,-6.1,3,0,0
s12_r4_t068,s12,4,14,4000,-46.5,2,2,2
s12_r4_t069,s12,4,4,1000,-25.7,1,0,0
s12_r4_t070,s12,4,3,1000,-17.8,1,1,1
s12_r4_t071,s12,4,10,4000,-14.9,2,2,2
s12_r4_t072,s12,4,8,1000,-57.3,1,2,0
s12_r4_t073,s12,4,9,4000,0.9,2,2,2
s12_r4_t074,s12,4,19,20000,-6.1,3,1,0
s12_r4_t075,s12,4,14,4000,-46.5,2,2,2
s12_r4_t076,s12,4,5,1000,-33.6,1,1,1
s12_r4_t077,s12,4,11,4000,-22.8,2,2,2
s12_r4_t078,s12,4,4,1000,-25.7,1,0,0
s12_r4_t079,s12,4,11,4000,-22.8,2,0,0
s12_r5_t080,s12,5,2,1000,-9.9,1,2,2
s12_r5_t081,s12,5,11,4000,-22.8,2,0,0
s12_r5_t082,s12,5,16,4000,-62.3,2,0,0
s12_r5_t083,s12,5,3,1000,-17.8,1,2,2
s12_r5_t084,s12,5,5,1000,-33.6,1,2,2
s12_r5_t085,s12,5,3,1000,-17.8,1,0,0
s12_r5_t086,s12,5,1,1000,5.9,1,0,0
s12_r5_t087,s12,5,17,16000,-6.1,3,0,0
s12_r5_t088,s12,5,18,18000,-6.1,3,0,0
s12_r5_t089,s12,5,9,4000,0.9,2,1,0
s12_r5_t090,s12,5,13,4000,-38.6,2,1,0
s12_r5_t091,s12,5,14,4000,-46.5,2,0,0
s12_r5_t092,s12,5,6,1000,-41.5,1,2,0
s12_r5_t093,s12,5,14,4000,-46.5,2,0,0
s12_r5_t094,s12,5,13,4000,-38.6,2,2,2
s13_r0_t000,s13,0,17,16000,-6.1,3,2,0
s13_r0_t001,s13,0,14,4000,-46.5,2,0,0
s13_r0_t002,s13,0,17,16000,-6.1,3,1,0
s13_r0_t003,s13,0,18,18000,-6.1,3,2,0
s13_r0_t004,s13,0,5,1000,-33.6,1,1,1
s13_r0_t005,s13,0,14,4000,-46.5,2,2,2
s13_r0_t006,s13,0,19,20000,-6.1,3,2,0
s13_r0_t007,s13,0,4,1000,-25.7,1,2,2
s13_r0_t008,s13,0,14,4000,-46.5,2,1,1
s13_r0_t009,s13,0,13,4000,-38.6,2,2,2
s13_r0_t010,s13,0,18,18000,-6.1,3,0,0
s13_r0_t011,s13,0,16,4000,-62.3,2,2,2
s13_r0_t012,s13,0,1,1000,5.9,1,1,1
s13_r0_t013,s13,0,1,1000,5.9,1,1,1
s13_r0_t014,s13,0,3,1000,-17.8,1,1,1
s13_r0_t015,s13,0,19,20000,-6.1,3,2,0
s13_r1_t016,s13,1,5,1000,-33.6,1,2,2
s13_r1_t017,s13,1,2,1000,-9.9,1,2,2
s13_r1_t018,s13,1,18,18000,-6.1,3,2,0
s13_r1_t019,s13,1,18,18000,-6.1,3,1,0
s13_r1_t020,s13,1,7,1000,-49.4,1,0,0
s13_r1_t021,s13,1,16,4000,-62.3,2,1,1
s13_r1_t022,s13,1,11,4000,-22.8,2,1,1
s13_r1_t023,s13,1,8,1000,-57.3,1,0,0
s13_r1_t024,s13,1,16,4000,-62.3,2,1,1
s13_r1_t025,s13,1,4,1000,-25.7,1,1,1
s13_r1_t026,s13,1,9,4000,0.9,2,2,2
s13_r1_t027,s13,1,16,4000,-62.3,2,0,0
s13_r1_t028,s13,1,9,4000,0.9,2,2,2
s13_r1_t029,s13,1,11,4000,-22.8,2,0,0
s13_r1_t030,s13,1,13,4000,-38.6,2,1,1
s13_r1_t031,s13,1,15,4000,-54.4,2,2,2
s13_r2_t032,s13,2,8,1000,-57.3,1,1,0
s13_r2_t033,s13,2,13,4000,-38.6,2,0,0
s13_r2_t034,s13,2,10,4000,-14.9,2,2,2
s13_r2_t035,s13,2,12,4000,-30.7,2,1,1
s13_r2_t036,s13,2,6,1000,-41.5,1,1,1
s13_r2_t037,s13,2,10,4000,-14.9,2,1,1
s13_r2_t038,s13,2,15,4000,-54.4,2,1,1
s13_r2_t039,s13,2,19,20000,-6.1,3,0,0
s13_r2_t040,s13,2,19,20000,-6.1,3,1,0
s13_r2_t041,s13,2,1,1000,5.9,1,2,2
s13_r2_t042,s13,2,10,4000,-14.9,2,0,0
s13_r2_t043,s13,2,7,1000,-49.4,1,2,2
s13_r2_t044,s13,2,1,1000,5.9,1,0,0
s13_r2_t045,s13,2,2,1000,-9.9,1,0,0
s13_r2_t046,s13,2,6,1000,-41.5,1,0,0
s13_r2_t047,s13,2,3,1000,-17.8,1,2,2
s13_r3_t048,s13,3,13,4000,-38.6,2,1,1
s13_r3_t049,s13,3,12,4000,-30.7,2,1,1
s13_r3_t050,s13,3,11,4000,-22.8,2,1,1
s13_r3_t051,s13,3,5,1000,-33.6,1,0,0
s13_r3_t052,s13,3,8,1000,-57.3,1,1,1
s13_r3_t053,s13,3,15,4000,-54.4,2,1,1
s13_r3_t054,s13,3,4,1000,-25.7,1,1,1
s13_r3_t055,s13,3,7,1000,-49.4,1,1,1
s13_r3_t056,s13,3,12,4000,-30.7,2,2,2
s13_r3_t057,s13,3,4,1000,-25.7,1,0,0
s13_r3_t058,s13,3,7,1000,-49.4,1,2,2
s13_r3_t059,s13,3,9,4000,0.9,2,0,0
s13_r3_t060,s13,3,14,4000,-46.5,2,1,1
s13_r3_t061,s13,3,17,16000,-6.1,3,1,0
s13_r3_t062,s13,3,5,1000,-33.6,1,1,1
s13_r3_t063,s13,3,9,4000,0.9,2,1,1
s13_r4_t064,s13,4,8,1000,-57.3,1,2,2
s13_r4_t065,s13,4,16,4000,-62.3,2,2,2
s13_r4_t066,s13,4,11,4000,-22.8,2,2,2
s13_r4_t067,s13,4,2,1000,-9.9,1,2,2
s13_r4_t068,s13,4,19,20000,-6.1,3,1,0
s13_r4_t069,s13,4,18,18000,-6.1,3,1,0
s13_r4_t070,s13,4,6,1000,-41.5,1,2,2
s13_r4_t071,s13,4,17,16000,-6.1,3,0,0
s13_r4_t072,s13,4,6,1000,-41.5,1,2,2
s13_r4_t073,s13,4,3,1000,-17.8,1,1,1
s13_r4_t074,s13,4,14,4000,-46.5,2,2,2
s13_r4_t075,s13,4,10,4000,-14.9,2,1,1
s13_r4_t076,s13,4,6,1000,-41.5,1,1,1
s13_r4_t077,s13,4,10,4000,-14.9,2,2,2
s13_r4_t078,s13,4,15,4000,-54.4,2,0,0
s13_r4_t079,s13,4,3,1000,-17.8,1,0,0
s13_r5_t080,s13,5,17,16000,-6.1,3,2,0
s13_r5_t081,s13,5,2,1000,-9.9,1,1,1
s13_r5_t082,s13,5,12,4000,-30.7,2,0,0
s13_r5_t083,s13,5,3,1000,-17.8,1,2,2
s13_r5_t084,s13,5,7,1000,-49.4,1,1,1
s13_r5_t085,s13,5,11,4000,-22.8,2,2,2
s13_r5_t086,s13,5,9,4000,0.9,2,1,1
s13_r5_t087,s13,5,13,4000,-38.6,2,2,2
s13_r5_t088,s13,5,5,1000,-33.6,1,2,2
s13_r5_t089,s13,5,15,4000,-54.4,2,2,2
s13_r5_t090,s13,5,8,1000,-57.3,1,2,2
s13_r5_t091,s13,5,4,1000,-25.7,1,2,2
s13_r5_t092,s13,5,2,1000,-9.9,1,1,1
s13_r5_t093,s13,5,1,1000,5.9,1,2,2
s13_r5_t094,s13,5,12,4000,-30.7,2,2,2
s14_r0_t000,s14,0,15,4000,-54.4,2,2,0
s14_r0_t001,s14,0,8,1000,-57.3,1,2,0
s14_r0_t002,s14,0,4,1000,-25.7,1,0,0
s14_r0_t003,s14,0,14,4000,-46.5,2,1,1
s14_r0_t004,s14,0,19,20000,-6.1,3,1,0
s14_r0_t005,s14,0,19,20000,-6.1,3,2,0
s14_r0_t006,s14,0,14,4000,-46.5,2,2,2
s14_r0_t007,s14,0,1,1000,5.9,1,1,1
s14_r0_t008,s14,0,17,16000,-6.1,3,1,0
s14_r0_t009,s14,0,16,4000,-62.3,2,0,0
s14_r0_t010,s14,0,7,1000,-49.4,1,1,1
s14_r0_t011,s14,0,13,4000,-38.6,2,1,1
s14_r0_t012,s14,0,18,18000,-6.1,3,0,0
s14_r0_t013,s14,0,9,4000,0.9,2,2,2
s14_r0_t014,s14,0,6,1000,-41.5,1,2,2
s14_r0_t015,s14,0,18,18000,-6.1,3,2,0
s14_r1_t016,s14,1,1,1000,5.9,1,0,0
s14_r1_t017,s14,1,14,4000,-46.5,2,1,1
s14_r1_t018,s14,1,11,4000,-22.8,2,2,2
s14_r1_t019,s14,1,16,4000,-62.3,2,2,0
s14_r1_t020,s14,1,12,4000,-30.7,2,0,0
s14_r1_t021,s14,1,6,1000,-41.5,1,1,1
s14_r1_t022,s14,1,2,1000,-9.9,1,1,1
s14_r1_t023,s14,1,10,4000,-14.9,2,0,0
s14_r1_t024,s14,1,18,18000,-6.1,3,1,0
s14_r1_t025,s14,1,14,4000,-46.5,2,0,0
s14_r1_t026,s14,1,18,18000,-6.1,3,1,0
s14_r1_t027,s14,1,17,16000,-6.1,3,2,0
s14_r1_t028,s14,1,12,4000,-30.7,2,1,1
s14_r1_t029,s14,1,6,1000,-41.5,1,1,1
s14_r1_t030,s14,1,17,16000,-6.1,3,2,0
s14_r1_t031,s14,1,17,16000,-6.1,3,1,0
s14_r2_t032,s14,2,13,4000,-38.6,2,1,1
s14_r2_t033,s14,2,8,1000,-57.3,1,1,0
s14_r2_t034,s14,2,17,16000,-6.1,3,0,0
s14_r2_t035,s14,2,7,1000,-49.4,1,2,2
s14_r2_t036,s14,2,12,4000,-30.7,2,2,2
s14_r2_t037,s14,2,8,1000,-57.3,1,0,0
s14_r2_t038,s14,2,16,4000,-62.3,2,1,0
s14_r2_t039,s14,2,8,1000,-57.3,1,2,0
s14_r2_t040,s14,2,3,1000,-17.8,1,2,2
s14_r2_t041,s14,2,2,1000,-9.9,1,0,0
s14_r2_t042,s14,2,6,1000,-41.5,1,0,0
s14_r2_t043,s14,2,10,4000,-14.9,2,1,1
s14_r2_t044,s14,2,3,1000,-17.8,1,0,0
s14_r2_t045,s14,2,13,4000,-38.6,2,2,2
s14_r2_t046,s14,2,1,1000,5.9,1,1,1
s14_r2_t047,s14,2,1,1000,5.9,1,2,2
s14_r3_t048,s14,3,14,4000,-46.5,2,2,2
s14_r3_t049,s14,3,9,4000,0.9,2,2,2
s14_r3_t050,s14,3,5,1000,-33.6,1,2,2
s14_r3_t051,s14,3,12,4000,-30.7,2,2,1
s14_r3_t052,s14,3,11,4000,-22.8,2,1,1
s14_r3_t053,s14,3,4,1000,-25.7,1,1,1
s14_r3_t054,s14,3,15,4000,-54.4,2,2,0
s14_r3_t055,s14,3,2,1000,-9.9,1,2,2
s14_r3_t056,s14,3,13,4000,-38.6,2,0,0
s14_r3_t057,s14,3,12,4000,-30.7,2,1,0
s14_r3_t058,s14,3,15,4000,-54.4,2,1,0
s14_r3_t059,s14,3,19,20000,-6.1,3,2,0
s14_r3_t060,s14,3,3,1000,-17.8,1,1,1
s14_r3_t061,s14,3,11,4000,-22.8,2,1,1
s14_r3_t062,s14,3,7,1000,-49.4,1,0,0
s14_r3_t063,s14,3,5,1000,-33.6,1,1,1
s14_r4_t064,s14,4,4,1000,-25.7,1,2,2
s14_r4_t065,s14,4,9,4000,0.9,2,0,0
s14_r4_t066,s14,4,3,1000,-17.8,1,2,2
s14_r4_t067,s14,4,10,4000,-14.9,2,2,2
s14_r4_t068,s14,4,6,1000,-41.5,1,2,2
s14_r4_t069,s14,4,7,1000,-49.4,1,2,1
s14_r4_t070,s14,4,2,1000,-9.9,1,2,2
s14_r4_t071,s14,4,19,20000,-6.1,3,1,0
s14_r4_t072,s14,4,5,1000,-33.6,1,2,2
s14_r4_t073,s14,4,16,4000,-62.3,2,1,0
s14_r4_t074,s14,4,2,1000,-9.9,1,1,1
s14_r4_t075,s14,4,10,4000,-14.9,2,2,2
s14_r4_t076,s14,4,3,1000,-17.8,1,1,1
s14_r4_t077,s14,4,11,4000,-22.8,2,0,0
s14_r4_t078,s14,4,13,4000,-38.6,2,2,2
s14_r4_t079,s14,4,16,4000,-62.3,2,2,0
s14_r5_t080,s14,5,1,1000,5.9,1,2,2
s14_r5_t081,s14,5,4,1000,-25.7,1,1,1
s14_r5_t082,s14,5,7,1000,-49.4,1,1,1
s14_r5_t083,s14,5,8,1000,-57.3,1,1,0
s14_r5_t084,s14,5,15,4000,-54.4,2,1,0
s14_r5_t085,s14,5,18,18000,-6.1,3,2,0
s14_r5_t086,s14,5,4,1000,-25.7,1,2,2
s14_r5_t087,s14,5,5,1000,-33.6,1,0,0
s14_r5_t088,s14,5,10,4000,-14.9,2,1,1
s14_r5_t089,s14,5,9,4000,0.9,2,1,0
s14_r5_t090,s14,5,9,4000,0.9,2,1,1
s14_r5_t091,s14,5,15,4000,-54.4,2,0,0
s14_r5_t092,s14,5,19,20000,-6.1,3,0,0
s14_r5_t093,s14,5,5,1000,-33.6,1,1,1
s14_r5_t094,s14,5,11,4000,-22.8,2,2,2
s15_r0_t000,s15,0,7,1000,-49.4,1,1,0
s15_r0_t001,s15,0,11,4000,-22.8,2,1,0
s15_r0_t002,s15,0,8,1000,-57.3,1,1,0
s15_r0_t003,s15,0,5,1000,-33.6,1,0,0
s15_r0_t004,s15,0,13,4000,-38.6,2,1,0
s15_r0_t005,s15,0,12,4000,-30.7,2,2,2
s15_r0_t006,s15,0,10,4000,-14.9,2,1,1
s15_r0_t007,s15,0,19,20000,-6.1,3,2,0
s15_r0_t008,s15,0,13,4000,-38.6,2,1,1
s15_r0_t009,s15,0,5,1000,-33.6,1,2,2
s15_r0_t010,s15,0,16,4000,-62.3,2,1,0
s15_r0_t011,s15,0,10,4000,-14.9,2,0,0
s15_r0_t012,s15,0,14,4000,-46.5,2,1,0
s15_r0_t013,s15,0,2,1000,-9.9,1,1,1
s15_r0_t014,s15,0,15,4000,-54.4,2,1,0
s15_r0_t015,s15,0,4,1000,-25.7,1,1,1
s15_r1_t016,s15,1,4,1000,-25.7,1,0,0
s15_r1_t017,s15,1,1,1000,5.9,1,1,1
s15_r1_t018,s15,1,15,4000,-54.4,2,2,0
s15_r1_t019,s15,1,9,4000,0.9,2,2,2
s15_r1_t020,s15,1,16,4000,-62.3,2,0,0
s15_r1_t021,s15,1,16,4000,-62.3,2,1,0
s15_r1_t022,s15,1,10,4000,-14.9,2,2,2
s15_r1_t023,s15,1,1,1000,5.9,1,0,0
s15_r1_t024,s15,1,4,1000,-25.7,1,1,1
s15_r1_t025,s15,1,7,1000,-49.4,1,2,0
s15_r1_t026,s15,1,10,4000,-14.9,2,2,2
s15_r1_t027,s15,1,12,4000,-30.7,2,1,1
s15_r1_t028,s15,1,2,1000,-9.9,1,2,2
s15_r1_t029,s15,1,1,1000,5.9,1,2,2
s15_r1_t030,s15,1,9,4000,0.9,2,2,2
s15_r1_t031,s15,1,6,1000,-41.5,1,2,1
s15_r2_t032,s15,2,4,1000,-25.7,1,2,2
s15_r2_t033,s15,2,9,4000,0.9,2,1,1
s15_r2_t034,s15,2,3,1000,-17.8,1,1,1
s15_r2_t035,s15,2,15,4000,-54.4,2,2,0
s15_r2_t036,s15,2,17,16000,-6.1,3,0,0
s15_r2_t037,s15,2,19,20000,-6.1,3,2,0
s15_r2_t038,s15,2,5,1000,-33.6,1,1,0
s15_r2_t039,s15,2,10,4000,-14.9,2,1,1
s15_r2_t040,s15,2,12,4000,-30.7,2,0,0
s15_r2_t041,s15,2,11,4000,-22.8,2,2,2
s15_r2_t042,s15,2,8,1000,-57.3,1,0,0
s15_r2_t043,s15,2,7,1000,-49.4,1,2,0
s15_r2_t044,s15,2,12,4000,-30.7,2,2,2
s15_r2_t045,s15,2,8,1000,-57.3,1,2,0
s15_r2_t046,s15,2,14,4000,-46.5,2,2,2
s15_r2_t047,s15,2,3,1000,-17.8,1,2,2
s15_r3_t048,s15,3,2,1000,-9.9,1,1,1
s15_r3_t049,s15,3,14,4000,-46.5,2,2,1
s15_r3_t050,s15,3,6,1000,-41.5,1,0,0
s15_r3_t051,s15,3,8,1000,-57.3,1,2,0
s15_r3_t052,s15,3,17,16000,-6.1,3,2,0
s15_r3_t053,s15,3,14,4000,-46.5,2,0,0
s15_r3_t054,s15,3,9,4000,0.9,2,1,1
s15_r3_t055,s15,3,11,4000,-22.8,2,1,1
s15_r3_t056,s15,3,11,4000,-22.8,2,2,2
s15_r3_t057,s15,3,16,4000,-62.3,2,2,0
s15_r3_t058,s15,3,13,4000,-38.6,2,2,2
s15_r3_t059,s15,3,3,1000,-17.8,1,1,1
s15_r3_t060,s15,3,4,1000,-25.7,1,2,0
s15_r3_t061,s15,3,19,20000,-6.1,3,1,0
s15_r3_t062,s15,3,13,4000,-38.6,2,0,0
s15_r3_t063,s15,3,3,1000,-17.8,1,2,2
s15_r4_t064,s15,4,17,16000,-6.1,3,1,0
s15_r4_t065,s15,4,5,1000,-33.6,1,1,1
s15_r4_t066,s15,4,13,4000,-38.6,2,2,2
s15_r4_t067,s15,4,6,1000,-41.5,1,1,1
s15_r4_t068,s15,4,17,16000,-6.1,3,2,0
s15_r4_t069,s15,4,9,4000,0.9,2,0,0
s15_r4_t070,s15,4,3,1000,-17.8,1,0,0
s15_r4_t071,s15,4,18,18000,-6.1,3,0,0
s15_r4_t072,s15,4,6,1000,-41.5,1,2,0
s15_r4_t073,s15,4,15,4000,-54.4,2,1,0
s15_r4_t074,s15,4,19,20000,-6.1,3,0,0
s15_r4_t075,s15,4,6,1000,-41.5,1,1,1
s15_r4_t076,s15,4,18,18000,-6.1,3,2,0
s15_r4_t077,s15,4,17,16000,-6.1,3,1,0
s15_r4_t078,s15,4,1,1000,5.9,1,1,1
s15_r4_t079,s15,4,7,1000,-49.4,1,1,0
s15_r5_t080,s15,5,1,1000,5.9,1,2,2
s15_r5_t081,s15,5,7,1000,-49.4,1,0,0
s15_r5_t082,s15,5,2,1000,-9.9,1,2,2
s15_r5_t083,s15,5,12,4000,-30.7,2,1,1
s15_r5_t084,s15,5,8,1000,-57.3,1,1,0
s15_r5_t085,s15,5,14,4000,-46.5,2,1,1
s15_r5_t086,s15,5,11,4000,-22.8,2,0,0
s15_r5_t087,s15,5,19,20000,-6.1,3,1,0
s15_r5_t088,s15,5,18,18000,-6.1,3,1,0
s15_r5_t089,s15,5,18,18000,-6.1,3,1,0
s15_r5_t090,s15,5,5,1000,-33.6,1,2,2
s15_r5_t091,s15,5,18,18000,-6.1,3,2,0
s15_r5_t092,s15,5,16,4000,-62.3,2,2,0
s15_r5_t093,s15,5,15,4000,-54.4,2,0,0
s15_r5_t094,s15,5,2,1000,-9.9,1,0,0
s16_r0_t000,s16,0,17,16000,-6.1,3,1,0
s16_r0_t001,s16,0,9,4000,0.9,2,1,1
s16_r0_t002,s16,0,16,4000,-62.3,2,2,0
s16_r0_t003,s16,0,12,4000,-30.7,2,2,2
s16_r0_t004,s16,0,16,4000,-62.3,2,1,0
s16_r0_t005,s16,0,17,16000,-6.1,3,0,0
s16_r0_t006,s16,0,5,1000,-33.6,1,1,1
s16_r0_t007,s16,0,8,1000,-57.3,1,2,0
s16_r0_t008,s16,0,5,1000,-33.6,1,0,0
s16_r0_t009,s16,0,3,1000,-17.8,1,2,2
s16_r0_t010,s16,0,1,1000,5.9,1,1,1
s16_r0_t011,s16,0,15,4000,-54.4,2,2,1
s16_r0_t012,s16,0,14,4000,-46.5,2,1,1
s16_r0_t013,s16,0,12,4000,-30.7,2,1,1
s16_r0_t014,s16,0,7,1000,-49.4,1,2,0
s16_r0_t015,s16,0,14,4000,-46.5,2,0,0
s16_r1_t016,s16,1,5,1000,-33.6,1,2,1
s16_r1_t017,s16,1,1,1000,5.9,1,2,2
s16_r1_t018,s16,1,6,1000,-41.5,1,1,0
s16_r1_t019,s16,1,2,1000,-9.9,1,0,0
s16_r1_t020,s16,1,12,4000,-30.7,2,0,0
s16_r1_t021,s16,1,1,1000,5.9,1,0,0
s16_r1_t022,s16,1,15,4000,-54.4,2,1,0
s16_r1_t023,s16,1,17,16000,-6.1,3,1,0
s16_r1_t024,s16,1,6,1000,-41.5,1,2,2
s16_r1_t025,s16,1,19,20000,-6.1,3,2,0
s16_r1_t026,s16,1,7,1000,-49.4,1,1,0
s16_r1_t027,s16,1,7,1000,-49.4,1,1,0
s16_r1_t028,s16,1,4,1000,-25.7,1,1,1
s16_r1_t029,s16,1,10,4000,-14.9,2,1,1
s16_r1_t030,s16,1,3,1000,-17.8,1,1,1
s16_r1_t031,s16,1,1,1000,5.9,1,2,2
s16_r2_t032,s16,2,13,4000,-38.6,2,0,0
s16_r2_t033,s16,2,4,1000,-25.7,1,2,2
s16_r2_t034,s16,2,8,1000,-57.3,1,1,0
s16_r2_t035,s16,2,3,1000,-17.8,1,2,2
s16_r2_t036,s16,2,18,18000,-6.1,3,2,0
s16_r2_t037,s16,2,9,4000,0.9,2,1,1
s16_r2_t038,s16,2,6,1000,-41.5,1,1,1
s16_r2_t039,s16,2,5,1000,-33.6,1,1,1
s16_r2_t040,s16,2,14,4000,-46.5,2,1,1
s16_r2_t041,s16,2,18,18000,-6.1,3,2,0
s16_r2_t042,s16,2,6,1000,-41.5,1,0,0
s16_r2_t043,s16,2,11,4000,-22.8,2,0,0
s16_r2_t044,s16,2,19,20000,-6.1,3,1,0
s16_r2_t045,s16,2,15,4000,-54.4,2,0,0
s16_r2_t046,s16,2,13,4000,-38.6,2,2,2
s16_r2_t047,s16,2,18,18000,-6.1,3,1,0
s16_r3_t048,s16,3,10,4000,-14.9,2,2,2
s16_r3_t049,s16,3,10,4000,-14.9,2,0,0
s16_r3_t050,s16,3,10,4000,-14.9,2,2,2
s16_r3_t051,s16,3,19,20000,-6.1,3,2,0
s16_r3_t052,s16,3,4,1000,-25.7,1,0,0
s16_r3_t053,s16,3,9,4000,0.9,2,2,2
s16_r3_t054,s16,3,16,4000,-62.3,2,1,0
s16_r3_t055,s16,3,15,4000,-54.4,2,1,1
s16_r3_t056,s16,3,2,1000,-9.9,1,2,2
s16_r3_t057,s16,3,9,4000,0.9,2,0,0
s16_r3_t058,s16,3,4,1000,-25.7,1,2,2
s16_r3_t059,s16,3,11,4000,-22.8,2,2,2
s16_r3_t060,s16,3,2,1000,-9.9,1,1,0
s16_r3_t061,s16,3,19,20000,-6.1,3,1,0
s16_r3_t062,s16,3,13,4000,-38.6,2,1,1
s16_r3_t063,s16,3,16,4000,-62.3,2,0,0
s16_r4_t064,s16,4,18,18000,-6.1,3,0,0
s16_r4_t065,s16,4,16,4000,-62.3,2,2,0
s16_r4_t066,s16,4,5,1000,-33.6,1,2,2
s16_r4_t067,s16,4,11,4000,-22.8,2,2,2
s16_r4_t068,s16,4,10,4000,-14.9,2,1,1
s16_r4_t069,s16,4,11,4000,-22.8,2,1,1
s16_r4_t070,s16,4,6,1000,-41.5,1,2,2
s16_r4_t071,s16,4,12,4000,-30.7,2,1,1
s16_r4_t072,s16,4,3,1000,-17.8,1,0,0
s16_r4_t073,s16,4,7,1000,-49.4,1,2,0
s16_r4_t074,s16,4,2,1000,-9.9,1,1,1
s16_r4_t075,s16,4,1,1000,5.9,1,1,1
s16_r4_t076,s16,4,19,20000,-6.1,3,0,0
s16_r4_t077,s16,4,2,1000,-9.9,1,2,0
s16_r4_t078,s16,4,8,1000,-57.3,1,0,0
s16_r4_t079,s16,4,8,1000,-57.3,1,1,0
s16_r5_t080,s16,5,13,4000,-38.6,2,2,2
s16_r5_t081,s16,5,14,4000,-46.5,2,2,2
s16_r5_t082,s16,5,8,1000,-57.3,1,2,0
s16_r5_t083,s16,5,11,4000,-22.8,2,1,1
s16_r5_t084,s16,5,9,4000,0.9,2,2,2
s16_r5_t085,s16,5,12,4000,-30.7,2,2,2
s16_r5_t086,s16,5,17,16000,-6.1,3,2,0
s16_r5_t087,s16,5,15,4000,-54.4,2,2,0
s16_r5_t088,s16,5,17,16000,-6.1,3,2,0
s16_r5_t089,s16,5,13,4000,-38.6,2,1,1
s16_r5_t090,s16,5,4,1000,-25.7,1,1,1
s16_r5_t091,s16,5,7,1000,-49.4,1,0,0
s16_r5_t092,s16,5,18,18000,-6.1,3,1,0
s16_r5_t093,s16,5,14,4000,-46.5,2,2,2
s16_r5_t094,s16,5,3,1000,-17.8,1,1,1
s17_r0_t000,s17,0,11,4000,-22.8,2,2,2
s17_r0_t001,s17,0,8,1000,-57.3,1,2,0
s17_r0_t002,s17,0,5,1000,-33.6,1,2,2
s17_r0_t003,s17,0,16,4000,-62.3,2,1,0
s17_r0_t004,s17,0,10,4000,-14.9,2,2,2
s17_r0_t005,s17,0,6,1000,-41.5,1,0,0
s17_r0_t006,s17,0,1,1000,5.9,1,1,1
s17_r0_t007,s17,0,17,16000,-6.1,3,2,0
s17_r0_t008,s17,0,11,4000,-22.8,2,1,1
s17_r0_t009,s17,0,16,4000,-62.3,2,0,0
s17_r0_t010,s17,0,6,1000,-41.5,1,2,2
s17_r0_t011,s17,0,7,1000,-49.4,1,2,2
s17_r0_t012,s17,0,4,1000,-25.7,1,0,0
s17_r0_t013,s17,0,18,18000,-6.1,3,2,0
s17_r0_t014,s17,0,10,4000,-14.9,2,1,1
s17_r0_t015,s17,0,17,16000,-6.1,3,1,0
s17_r1_t016,s17,1,6,1000,-41.5,1,2,2
s17_r1_t017,s17,1,10,4000,-14.9,2,1,1
s17_r1_t018,s17,1,15,4000,-54.4,2,1,0
s17_r1_t019,s17,1,18,18000,-6.1,3,1,0
s17_r1_t020,s17,1,17,16000,-6.1,3,0,0
s17_r1_t021,s17,1,4,1000,-25.7,1,2,2
s17_r1_t022,s17,1,13,4000,-38.6,2,2,2
s17_r1_t023,s17,1,17,16000,-6.1,3,2,0
s17_r1_t024,s17,1,17,16000,-6.1,3,1,0
s17_r1_t025,s17,1,19,20000,-6.1,3,2,0
s17_r1_t026,s17,1,9,4000,0.9,2,2,2
s17_r1_t027,s17,1,12,4000,-30.7,2,2,2
s17_r1_t028,s17,1,3,1000,-17.8,1,1,1
s17_r1_t029,s17,1,14,4000,-46.5,2,1,1
s17_r1_t030,s17,1,12,4000,-30.7,2,1,1
s17_r1_t031,s17,1,3,1000,-17.8,1,2,2
s17_r2_t032,s17,2,14,4000,-46.5,2,2,2
s17_r2_t033,s17,2,18,18000,-6.1,3,2,0
s17_r2_t034,s17,2,11,4000,-22.8,2,0,0
s17_r2_t035,s17,2,19,20000,-6.1,3,1,0
s17_r2_t036,s17,2,1,1000,5.9,1,2,2
s17_r2_t037,s17,2,12,4000,-30.7,2,0,0
s17_r2_t038,s17,2,5,1000,-33.6,1,1,1
s17_r2_t039,s17,2,1,1000,5.9,1,2,2
s17_r2_t040,s17,2,19,20000,-6.1,3,1,0
s17_r2_t041,s17,2,19,20000,-6.1,3,2,0
s17_r2_t042,s17,2,18,18000,-6.1,3,1,0
s17_r2_t043,s17,2,8,1000,-57.3,1,2,0
s17_r2_t044,s17,2,2,1000,-9.9,1,1,1
s17_r2_t045,s17,2,4,1000,-25.7,1,1,1
s17_r2_t046,s17,2,4,1000,-25.7,1,2,2
s17_r2_t047,s17,2,6,1000,-41.5,1,1,1
s17_r3_t048,s17,3,14,4000,-46.5,2,2,2
s17_r3_t049,s17,3,16,4000,-62.3,2,2,0
s17_r3_t050,s17,3,9,4000,0.9,2,1,1
s17_r3_t051,s17,3,1,1000,5.9,1,1,1
s17_r3_t052,s17,3,9,4000,0.9,2,1,1
s17_r3_t053,s17,3,1,1000,5.9,1,0,0
s17_r3_t054,s17,3,14,4000,-46.5,2,1,1
s17_r3_t055,s17,3,13,4000,-38.6,2,2,2
s17_r3_t056,s17,3,16,4000,-62.3,2,1,0
s17_r3_t057,s17,3,15,4000,-54.4,2,2,2
s17_r3_t058,s17,3,2,1000,-9.9,1,2,2
s17_r3_t059,s17,3,6,1000,-41.5,1,1,1
s17_r3_t060,s17,3,2,1000,-9.9,1,2,2
s17_r3_t061,s17,3,7,1000,-49.4,1,1,1
s17_r3_t062,s17,3,13,4000,-38.6,2,1,1
s17_r3_t063,s17,3,8,1000,-57.3,1,1,0
s17_r4_t064,s17,4,4,1000,-25.7,1,1,1
s17_r4_t065,s17,4,13,4000,-38.6,2,0,0
s17_r4_t066,s17,4,5,1000,-33.6,1,2,2
s17_r4_t067,s17,4,10,4000,-14.9,2,0,0
s17_r4_t068,s17,4,8,1000,-57.3,1,0,0
s17_r4_t069,s17,4,9,4000,0.9,2,2,2
s17_r4_t070,s17,4,7,1000,-49.4,1,0,0
s17_r4_t071,s17,4,11,4000,-22.8,2,1,1
s17_r4_t072,s17,4,11,4000,-22.8,2,2,2
s17_r4_t073,s17,4,2,1000,-9.9,1,1,1
s17_r4_t074,s17,4,14,4000,-46.5,2,0,0
s17_r4_t075,s17,4,15,4000,-54.4,2,0,0
s17_r4_t076,s17,4,3,1000,-17.8,1,2,2
s17_r4_t077,s17,4,2,1000,-9.9,1,0,0
s17_r4_t078,s17,4,19,20000,-6.1,3,0,0
s17_r4_t079,s17,4,5,1000,-33.6,1,0,0
s17_r5_t080,s17,5,3,1000,-17.8,1,1,1
s17_r5_t081,s17,5,5,1000,-33.6,1,1,1
s17_r5_t082,s17,5,9,4000,0.9,2,0,0
s17_r5_t083,s17,5,12,4000,-30.7,2,1,1
s17_r5_t084,s17,5,7,1000,-49.4,1,1,1
s17_r5_t085,s17,5,7,1000,-49.4,1,2,2
s17_r5_t086,s17,5,3,1000,-17.8,1,0,0
s17_r5_t087,s17,5,10,4000,-14.9,2,2,2
s17_r5_t088,s17,5,16,4000,-62.3,2,2,0
s17_r5_t089,s17,5,8,1000,-57.3,1,1,0
s17_r5_t090,s17,5,15,4000,-54.4,2,2,0
s17_r5_t091,s17,5,13,4000,-38.6,2,1,1
s17_r5_t092,s17,5,15,4000,-54.4,2,1,0
s17_r5_t093,s17,5,18,18000,-6.1,3,0,0
s17_r5_t094,s17,5,12,4000,-30.7,2,2,2
